price;title;de_price;por_price;a_vista;desconto_a_vista;num_parcelas;valor_parcela;format_title;manufacturer;espaco_armazenamento;modelo;cor
 de R$ 3999,00   por R$ 3014,10 ’‘’_ vista (10% de desconto)      ou R$ 3349,00 em 10x de R$ 334,90 sem juros ;iPhone 8 Apple 64GB Dourado 4G Tela 4,7Î_’_Îù - Retina C’‘Î¢m. 12MP + Selfie 7MP iOS 11 - iPhone - Magazine Luiza;3999;3014,1;True;10% de desconto; 10x ;334,9;"iPhone 864GB Dourado 4G Tela 4,7"" - Retina C‰m. 12MP + Selfie 7MP iOS 11 - iPhone ";Apple;64GB;iPhone 8;Dourado
 de R$ 3999,00   por R$ 3014,10 ’‘’_ vista (10% de desconto)      ou R$ 3349,00 em 10x de R$ 334,90 sem juros ;iPhone 8 Apple 64GB Prata 4G Tela 4,7Î_’_Îù - Retina C’‘Î¢m. 12MP + Selfie 7MP iOS 11 - iPhone - Magazine Luiza;3999;3014,1;True;10% de desconto; 10x ;334,9;"iPhone 864GB Prata 4G Tela 4,7"" - Retina C‰m. 12MP + Selfie 7MP iOS 11 - iPhone ";Apple;64GB;iPhone 8;Prata
 de R$ 1199,00   por R$ 899,10 ’‘’_ vista (10% de desconto)      ou R$ 999,00 em 10x de R$ 99,90 sem juros ;Smartphone Motorola Moto G6 Play 32GB Ouro - Dual Chip 4G C’‘Î¢m 13MP + Selfie 8MP Flash Tela 5.7Î_’_Îù - Moto G6 Play - Magazine Luiza;1199;899,1;True;10% de desconto; 10x ;99,9;"Moto G6 Play 32GB Ouro - Dual Chip 4G C‰m 13MP + Selfie 8MP Flash Tela 5.7"" - Moto G6 Play ";Motorola;32GB;Moto G6 Play;Ouro
 de R$ 1199,00   por R$ 899,10 ’‘’_ vista (10% de desconto)      ou R$ 999,00 em 10x de R$ 99,90 sem juros ;Smartphone Motorola Moto G6 Play 32GB Indigo - 4G Octa Core 3GB RAM Tela 5,7Î_’_Îù C’‘Î¢m 13MP + Selfie 8 - Moto G6 Play - Magazine Luiza;1199;899,1;True;10% de desconto; 10x ;99,9;"Moto G6 Play 32GB Indigo - 4G Octa Core 3GB RAM Tela 5,7"" C‰m 13MP + Selfie 8 - Moto G6 Play ";Motorola;32GB;Moto G6 Play ;Indigo
 de R$ 1199,00   por R$ 675,00      em 10x de R$ 67,50 sem juros ;Smartphone Samsung Galaxy J4+ 32GB Dual Chip Tela 6 C’‘Î¢mera 13MP 5MP Android 8.1 Preto - Galaxy J4 Plus - Magazine Luiza;1199;675;False;; 10x ;67,5;Galaxy J4+ 32GB Dual Chip Tela 6 C‰mera 13MP 5MP Android 8.1 Preto - Galaxy J4 Plus ;Samsung;32GB;Galaxy J4+;Preto
 de R$ 899,00   por R$ 643,41 ’‘’_ vista (10% de desconto)      ou R$ 714,90 em 10x de R$ 71,49 sem juros ;Smartphone Samsung Galaxy J4 Core 16GB Preto 4G - Quad Core 1GB RAM Tela 6Î_’_Îù C’‘Î¢m. 8MP + Selfie 5MP - Galaxy J4 Core - Magazine Luiza;899;643,41;True;10% de desconto; 10x ;71,49;"Galaxy J4 Core 16GB Preto 4G - Quad Core 1GB RAM Tela 6"" C‰m. 8MP + Selfie 5MP - Galaxy J4 Core ";Samsung;16GB;Galaxy J4 Core ;Preto
 de R$ 780,89   por R$ 709,90      em 10x de R$ 70,99 sem juros ;Smartphone Samsung J4 Core, Cobre, J410M,  Tela de 6Î_’_Îù, 16GB, 8MP - Galaxy J4 Core - Magazine Luiza;780,89;709,9;False;; 10x ;70,99;"J4 Core, Cobre, J410M,Tela de 6"", 16GB, 8MP - Galaxy J4 Core ";Samsung;16GB;J4 Core;Cobre
 de R$ 780,89   por R$ 709,90      em 10x de R$ 70,99 sem juros ;Smartphone Samsung J4 Core, Preto, J410M,  Tela de 6Î_’_Îù, 16GB, 8MP - Galaxy J4 Core - Magazine Luiza;780,89;709,9;False;; 10x ;70,99;"J4 Core, Preto, J410M,Tela de 6"", 16GB, 8MP - Galaxy J4 Core ";Samsung;16GB;J4 Core;Preto
   por R$ 615,00      em 10x de R$ 61,50 sem juros ;Smartphone Samsung Galaxy J4 Core Tela infinita de 6 C’‘Î¢mera Frontal de 5MP Android Go 8.1- Preto - Galaxy J4 Core - Magazine Luiza;   ;615;False;; 10x ;61,5;Galaxy J4 Core Tela infinita de 6 C‰mera Frontal de 5MP Android Go 8.1- Preto - Galaxy J4 Core ;Samsung;;Galaxy J4 Core ;Preto
 de R$ 549,00   por R$ 519,00      em 6x de R$ 86,50 sem juros ;Smartphone Samsung Galaxy J2 Core 16GB Dual Chip Tela 5 C’‘Î¢mera 8MP 5MP Android Go 8.1 Prata - Smartphone - Magazine Luiza;549;519;False;; 6x ;86,5;Galaxy J2 Core 16GB Dual Chip Tela 5 C‰mera 8MP 5MP Android Go 8.1 Prata -;Samsung;16GB;Galaxy J2 Core;Prata
 de R$ 599,00   por R$ 519,00      em 6x de R$ 86,50 sem juros ;Smartphone Desbloqueado Samsung J260 Galaxy J2 Core Dourado 16 GB - Claro - Smartphone - Magazine Luiza;599;519;False;; 6x ;86,5; J260 Galaxy J2 Core Dourado 16 GB - Claro -;Samsung;;J260 Galaxy J2 Core;Dourado
   por R$ 492,90      em 10x de R$ 49,29 sem juros ;Smartphone Samsung Galaxy J2 Core 16GB Dual Chip Android 8.1 QuadCore 1.4 Ghz Cam 8mp - Preto - Smartphone - Magazine Luiza;   ;492,9;False;; 10x ;49,29;Galaxy J2 Core 16GB Dual Chip Android 8.1 QuadCore 1.4 Ghz Cam 8mp - Preto -;Samsung;16GB;Galaxy J2 Core ;Preto
 de R$ 794,00   por R$ 539,10 ’‘’_ vista (10% de desconto)      ou R$ 599,00 em 10x de R$ 59,90 sem juros ;Smartphone Samsung Galaxy J2 Core 16GB Prata - 4G 1GB RAM Tela 5Î_’_Îù C’‘Î¢m. 8MP + C’‘Î¢m. Selfie 5MP - Smartphone - Magazine Luiza;794;539,1;True;10% de desconto; 10x ;59,9;"Galaxy J2 Core 16GB Prata - 4G 1GB RAM Tela 5"" C‰m. 8MP + C‰m. Selfie 5MP -";Samsung;16GB;Galaxy J2 ;Prata
 de R$ 799,00   por R$ 539,10 ’‘’_ vista (10% de desconto)      ou R$ 599,00 em 10x de R$ 59,90 sem juros ;Smartphone Samsung Galaxy J2 Core 16GB Preto - 4G 1GB RAM Tela 5Î_’_Îù C’‘Î¢m. 8MP + C’‘Î¢m. Selfie 5MP - Samsung Galaxy - Magazine Luiza;799;539,1;True;10% de desconto; 10x ;59,9;"Galaxy J2 Core 16GB Preto - 4G 1GB RAM Tela 5"" C‰m. 8MP + C‰m. Selfie 5MP -Galaxy ";Samsung;16GB;Galaxy J2 Core ;Preto
 de R$ 709,00   por R$ 499,00      em 10x de R$ 49,90 sem juros ;Smartphone LG K9 16GB Dual Chip 5.0 C’‘Î¢mera 8MP Selfie 5MP Android TV Digital Android 7.0 Azul - Celular LG - Magazine Luiza;709;499;False;; 10x ;49,9;K9 16GB Dual Chip 5.0 C‰mera 8MP Selfie 5MP Android TV Digital Android 7.0 Azul - Celular;LG;16GB;K9;Azul
 de R$ 749,00   por R$ 557,10 ’‘’_ vista (10% de desconto)      ou R$ 619,00 em 10x de R$ 61,90 sem juros ;Smartphone LG K9 TV 16GB Preto 4G Quad Core - 2GB RAM Tela 5Î_’_Îù HD C’‘Î¢m. 8MP Selfie 5MP Dual Chip - LG K9 TV - Magazine Luiza;749;557,1;True;10% de desconto; 10x ;61,9;"K9 TV 16GB Preto 4G Quad Core - 2GB RAM Tela 5"" HD C‰m. 8MP Selfie 5MP Dual Chip -K9 TV ";LG;16GB;K9 TV;Preto
 de R$ 749,00   por R$ 490,41 ’‘’_ vista (10% de desconto)      ou R$ 544,90 em 10x de R$ 54,49 sem juros ;Smartphone LG K9 TV 16GB Azul Dual Chip 4G - C’‘Î¢m. 8MP + Selfie 5MP Tela 5Î_’_Îù HD Proc. Quad Core - LG K9 TV - Magazine Luiza;749;490,41;True;10% de desconto; 10x ;54,49;"K9 TV 16GB Azul Dual Chip 4G - C‰m. 8MP + Selfie 5MP Tela 5"" HD Proc. Quad Core -K9 TV ";LG;16GB;K9 TV;Azul
 de R$ 899,00   por R$ 629,10 ’‘’_ vista (10% de desconto)      ou R$ 699,00 em 10x de R$ 69,90 sem juros ;Smartphone Motorola Moto E5 16GB Ouro - Dual Chip 4G C’‘Î¢m 13MP + Selfie 5MP Flash Tela 5.7Î_’_Îù - Moto E5 - Magazine Luiza;899;629,1;True;10% de desconto; 10x ;69,9;"Moto E5 16GB Ouro - Dual Chip 4G C‰m 13MP + Selfie 5MP Flash Tela 5.7"" - Moto E5 ";Motorola;16GB;Moto E5;Ouro
 de R$ 994,00   por R$ 719,10 ’‘’_ vista (10% de desconto)      ou R$ 799,00 em 10x de R$ 79,90 sem juros ;Smartphone Motorola Moto E5 32GB Ouro 4G - Quad Core 2GB RAM Tela 5,7Î_’_Îù C’‘Î¢m. 13MP + Selfie 5MP - Moto E5 - Magazine Luiza;994;719,1;True;10% de desconto; 10x ;79,9;"Moto E5 32GB Ouro 4G - Quad Core 2GB RAM Tela 5,7"" C‰m. 13MP + Selfie 5MP - Moto E5 ";Motorola;32GB;Moto E5;Ouro
 de R$ 994,00   por R$ 719,10 ’‘’_ vista (10% de desconto)      ou R$ 799,00 em 10x de R$ 79,90 sem juros ;Smartphone Motorola Moto E5 32GB Platinum 4G - Quad Core 2GB RAM Tela 5,7Î_’_Îù C’‘Î¢m. 13MP + Selfie 5MP - Moto E5 - Magazine Luiza;994;719,1;True;10% de desconto; 10x ;79,9;"Moto E5 32GB Platinum 4G - Quad Core 2GB RAM Tela 5,7"" C‰m. 13MP + Selfie 5MP - Moto E5 ";Motorola;32GB;Moto E5;Platinum
 de R$ 994,00   por R$ 616,41 ’‘’_ vista (10% de desconto)      ou R$ 684,90 em 10x de R$ 68,49 sem juros ;Smartphone Motorola Moto E5 Play 16GB Ouro 4G - Quad Core 1GB RAM Tela 5,34Î_’_Îù C’‘Î¢m. 8MP + Selfie 5MP - Moto E5 - Magazine Luiza;994;616,41;True;10% de desconto; 10x ;68,49;"Moto E5 Play 16GB Ouro 4G - Quad Core 1GB RAM Tela 5,34"" C‰m. 8MP + Selfie 5MP - Moto E5 ";Motorola;16GB;Moto E5 Play;Ouro
 de R$ 994,00   por R$ 602,91 ’‘’_ vista (10% de desconto)      ou R$ 669,90 em 10x de R$ 66,99 sem juros ;Smartphone Motorola Moto E5 Play 16GB Preto 4G - Quad Core 1GB RAM Tela 5,34Î_’_Îù C’‘Î¢m. 8MP + Selfie 5MP - Moto E5 - Magazine Luiza;994;602,91;True;10% de desconto; 10x ;66,99;"Moto E5 Play 16GB Preto 4G - Quad Core 1GB RAM Tela 5,34"" C‰m. 8MP + Selfie 5MP - Moto E5 ";Motorola;16GB;Moto E5 Play;Preto
 de R$ 1099,00   por R$ 692,10 ’‘’_ vista (10% de desconto)      ou R$ 769,00 em 10x de R$ 76,90 sem juros ;Smartphone LG K11+ 32GB Preto Dual Chip 4G - C’‘Î¢m. 13MP + Selfie 5MP Tela 5,3Î_’_Îù HD Proc Octa Core - LG K11+ - Magazine Luiza;1099;692,1;True;10% de desconto; 10x ;76,9;"K11+ 32GB Preto Dual Chip 4G - C‰m. 13MP + Selfie 5MP Tela 5,3"" HD Proc Octa Core -K11+ ";LG;32GB;K11+;Preto
 de R$ 1099,00   por R$ 692,10 ’‘’_ vista (10% de desconto)      ou R$ 769,00 em 10x de R$ 76,90 sem juros ;Smartphone LG K11+ 32GB Dourado 4G Octa Core - 3GB RAM Tela 5,3Î_’_Îù C’‘Î¢m. 13MP + Selfie 5MP Dual Chip - LG K11+ - Magazine Luiza;1099;692,1;True;10% de desconto; 10x ;76,9;"K11+ 32GB Dourado 4G Octa Core - 3GB RAM Tela 5,3"" C‰m. 13MP + Selfie 5MP Dual Chip -K11+ ";LG;32GB;K11+;Dourado
 de R$ 1099,00   por R$ 692,10 ’‘’_ vista (10% de desconto)      ou R$ 769,00 em 10x de R$ 76,90 sem juros ;Smartphone LG K11+ 32GB Azul 4G Octa Core - 3GB RAM Tela 5,3Î_’_Îù C’‘Î¢m. 13MP + Selfie 5MP Dual Chip - LG K11+ - Magazine Luiza;1099;692,1;True;10% de desconto; 10x ;76,9;"K11+ 32GB Azul 4G Octa Core - 3GB RAM Tela 5,3"" C‰m. 13MP + Selfie 5MP Dual Chip -K11+ ";LG;32GB;K11+;Azul
 de R$ 838,67   por R$ 719,00      em 10x de R$ 71,90 sem juros ;Smartphone LG K11 Plus Preto 32GB Tela 5,3Î_’_Îù Dual Chip Octa Core C’‘Î¢mera 13MP - LG K11+ - Magazine Luiza;838,67;719;False;; 10x ;71,9;"K11 Plus Preto 32GB Tela 5,3"" Dual Chip Octa Core C‰mera 13MP -K11+ ";LG;32GB;K11 Plus;Preto
 de R$ 838,67   por R$ 719,00      em 10x de R$ 71,90 sem juros ;Smartphone LG K11+ Dourado 32GB Tela 5,3Î_’_Îù Dual Chip Octa Core C’‘Î¢mera 13MP - LG K11+ - Magazine Luiza;838,67;719;False;; 10x ;71,9;"K11+ Dourado 32GB Tela 5,3"" Dual Chip Octa Core C‰mera 13MP -K11+ ";LG;32GB;K11+;Dourado
 de R$ 820,00   por R$ 719,00      em 10x de R$ 71,90 sem juros ;Smartphone LG K11+ Azul 32GB Tela 5,3Î_’_Îù Dual Chip Octa Core C’‘Î¢mera 13MP - LG K11+ - Magazine Luiza;820;719;False;; 10x ;71,9;"K11+ Azul 32GB Tela 5,3"" Dual Chip Octa Core C‰mera 13MP -K11+ ";LG;32GB;K11+;Azul
 de R$ 791,89   por R$ 719,90      em 10x de R$ 71,99 sem juros ;Smartphone LG K11 Alpha LMX410BTW Dourado - Celular LG - Magazine Luiza;791,89;719,9;False;; 10x ;71,99;K11 Alpha LMX410BTW Dourado - Celular;LG;;K11 Alpha;Dourado
 de R$ 879,89   por R$ 799,90      em 10x de R$ 79,99 sem juros ;Smartphone LG K11 Plus, Dourado, LMX410BCW , Tela de 5.3Î_’_Îù, 32GB, 13MP - LG K11+ - Magazine Luiza;879,89;799,9;False;; 10x ;79,99;"K11 Plus, Dourado, LMX410BCW , Tela de 5.3"", 32GB, 13MP -K11+ ";LG;32GB;K11 Plus;Dourado
 de R$ 855,80   por R$ 778,00      em 10x de R$ 77,80 sem juros ;Smartphone LG K11 Plus, Preto, LMX410BCW, Tela de 5Î_’_Îù, 32GB,13MP - LG K11+ - Magazine Luiza;855,8;778;False;; 10x ;77,8;"K11 Plus, Preto, LMX410BCW, Tela de 5"", 32GB,13MP -K11+ ";LG;32GB;K11 Plus;Preto
 de R$ 879,89   por R$ 799,90      em 10x de R$ 79,99 sem juros ;Smartphone LG K11 Plus, Azul, X410, Tela de 5.3Î_’_Îù, 32GB, 13MP - LG K11+ - Magazine Luiza;879,89;799,9;False;; 10x ;79,99;"K11 Plus, Azul, X410, Tela de 5.3"", 32GB, 13MP -K11+ ";LG;32GB;K11 Plus;Azul
   por R$ 689,90      em 10x de R$ 68,99 sem juros ;Smartphone LG K11 Plus, Dual Chip, Tela 5.3 Pol, 4G+WiFi, Android 7.1, 13MP, 32GB - Azul - Lg eletronics - LG K11+ - Magazine Luiza;   ;689,9;False;; 10x ;68,99;K11 Plus, Dual Chip, Tela 5.3 Pol, 4G+WiFi, Android 7.1, 13MP, 32GB - Azul - Lg eletronics -K11+ ;LG;32GB;K11 Plus;Azul
 de R$ 1399,00   por R$ 854,10 ’‘’_ vista (10% de desconto)      ou R$ 949,00 em 10x de R$ 94,90 sem juros ;Smartphone Samsung Galaxy J6+ 32GB Preto 4G - 3GB RAM Tela 6Î_’_Îù C’‘Î¢m. Dupla + C’‘Î¢m. Selfie 8MP - Galaxy J6 Plus - Magazine Luiza;1399;854,1;True;10% de desconto; 10x ;94,9;"Galaxy J6+ 32GB Preto 4G - 3GB RAM Tela 6"" C‰m. Dupla + C‰m. Selfie 8MP - Galaxy J6 Plus ";Samsung;32GB;Galaxy J6+;Preto
 de R$ 1299,00   por R$ 1099,00      em 10x de R$ 109,90 sem juros ;Smartphone Samsung Galaxy J6+ 32GB Dual Chip Tela 6 Dual C’‘Î¢mera 13MP+5MP Frontal 8MP Prata - Galaxy J6 Plus - Magazine Luiza;1299;1099;False;; 10x ;109,9;Galaxy J6+ 32GB Dual Chip Tela 6 Dual C‰mera 13MP+5MP Frontal 8MP Prata - Galaxy J6 Plus ;Samsung;32GB;Galaxy J6+;Prata
 de R$ 1099,00   por R$ 979,00      em 6x de R$ 163,17 sem juros ;Smartphone Samsung Galaxy J6 Camera 13MP, TV Digital HD, Dual Chip, Android, 8.0, Processador Octa Core e 2GB de RAM, 64GB, Violeta, Tela de 5,6 - Galaxy J6 - Magazine Luiza;1099;979;False;; 6x ;163,17;Galaxy J6 Camera 13MP, TV Digital HD, Dual Chip, Android, 8.0, Processador Octa Core e 2GB de RAM, 64GB, Violeta, Tela de 5,6 - Galaxy J6 ;Samsung;64GB;Galaxy J6;Violeta
 de R$ 1499,00   por R$ 969,00      em 10x de R$ 96,90 sem juros ;Smartphone Samsung Galaxy J6 64GB Dual Chip Android Octa-Core Tela 5.6Î_’_Îù 4G C’‘Î¢mera 13MP - Galaxy J6 - Magazine Luiza;1499;969;False;; 10x ;96,9;"Galaxy J6 64GB Dual Chip Android Octa-Core Tela 5.6"" 4G C‰mera 13MP - Galaxy J6 ";Samsung;64GB;Galaxy J6 ;Prata
 de R$ 1299,00   por R$ 1007,91 ’‘’_ vista (10% de desconto)      ou R$ 1119,90 em 10x de R$ 111,99 sem juros ;Smartphone Samsung Galaxy J6 32GB Prata - Dual Chip 4G C’‘Î¢m. 13MP + Selfie 8MP Flash - Galaxy J6 - Magazine Luiza;1299;1007,91;True;10% de desconto; 10x ;111,99;Galaxy J6 32GB Prata - Dual Chip 4G C‰m. 13MP + Selfie 8MP Flash - Galaxy J6 ;Samsung;32GB;Galaxy J6;Pata
 de R$ 999,00   por R$ 809,10 ’‘’_ vista (10% de desconto)      ou R$ 899,00 em 10x de R$ 89,90 sem juros ;Smartphone Motorola G7 Play 32GB Indigo 4G - 2GB RAM Tela 5,7Î_’_Îù C’‘Î¢m. 13MP + C’‘Î¢m. Selfie 8MP - Moto G7 Play - Magazine Luiza;999;809,1;True;10% de desconto; 10x ;89,9;"G7 Play 32GB Indigo 4G - 2GB RAM Tela 5,7"" C‰m. 13MP + C‰m. Selfie 8MP - Moto G7 Play ";Motorola;32GB;Moto G7 Play;Indigo
 de R$ 999,00   por R$ 809,10 ’‘’_ vista (10% de desconto)      ou R$ 899,00 em 10x de R$ 89,90 sem juros ;Smartphone Motorola G7 Play 32GB Ouro 4G - 2GB RAM Tela 5,7Î_’_Îù C’‘Î¢m. 13MP + C’‘Î¢m. Selfie 8MP - Moto G7 Play - Magazine Luiza;999;809,1;True;10% de desconto; 10x ;89,9;"G7 Play 32GB Ouro 4G - 2GB RAM Tela 5,7"" C‰m. 13MP + C‰m. Selfie 8MP - Moto G7 Play ";Motorola;32GB;Moto G7 Play;Ouro
 de R$ 1399,00   por R$ 1079,10 ’‘’_ vista (10% de desconto)      ou R$ 1199,00 em 10x de R$ 119,90 sem juros ;Smartphone Motorola G7 Power 32GB Azul Navy 4G - 3GB RAM Tela 6,2Î_’_Îù C’‘Î¢m. 12MP + C’‘Î¢m. Selfie 8MP - Moto G7 Power - Magazine Luiza;1399;1079,1;True;10% de desconto; 10x ;119,9;"G7 Power 32GB Azul Navy 4G - 3GB RAM Tela 6,2"" C‰m. 12MP + C‰m. Selfie 8MP - Moto G7 Power ";Motorola;32GB;Moto G7 Power;Azul Navy
 de R$ 1599,00   por R$ 1319,12 ’‘’_ vista (12% de desconto)      ou R$ 1499,00 em 10x de R$ 149,90 sem juros ;Smartphone Motorola G7 64GB ’‘’–nix 4G - 4GB RAM Tela 6,24Î_’_Îù C’‘Î¢m. Dupla + C’‘Î¢m. Selfie 8MP - Moto G7 - Magazine Luiza;1599;1319,12;True;12% de desconto; 10x ;149,9;"G7 64GB ïnix 4G - 4GB RAM Tela 6,24"" C‰m. Dupla + C‰m. Selfie 8MP - Moto G7 ";Motorola;64GB;Moto G7;•nix
 de R$ 1899,00   por R$ 1610,10 ’‘’_ vista (10% de desconto)      ou R$ 1789,00 em 10x de R$ 178,90 sem juros ;Smartphone Motorola G7 Plus 64GB Indigo 4G - 4GB RAM Tela 6,24Î_’_Îù C’‘Î¢m. Dupla + C’‘Î¢m. Selfie 12MP - Moto G7 Plus - Magazine Luiza;1899;1610,1;True;10% de desconto; 10x ;178,9;"G7 Plus 64GB Indigo 4G - 4GB RAM Tela 6,24"" C‰m. Dupla + C‰m. Selfie 12MP - Moto G7 Plus ";Motorola;64GB;Moto G7 Plus;Indigo
 de R$ 1899,00   por R$ 1367,91 ’‘’_ vista (10% de desconto)      ou R$ 1519,90 em 10x de R$ 151,99 sem juros ;Smartphone Motorola Moto G6 Plus 64GB Top’‘’Åzio - Dual Chip 4G C’‘Î¢m. 12MP e 5MP + Selfie 8MP Flash - Moto G6 Plus - Magazine Luiza;1899;1367,91;True;10% de desconto; 10x ;151,99;Moto G6 Plus 64GB Top’‘’Åzio - Dual Chip 4G C‰m. 12MP e 5MP + Selfie 8MP Flash - Moto G6 Plus ;Motorola;64GB;Moto G6 Plus;Topäzio
 de R$ 2299,00   por R$ 1889,91 ’‘’_ vista (10% de desconto)      ou R$ 2099,90 em 10x de R$ 209,99 sem juros ;Smartphone Motorola Moto Z3 Play 64GB ’‘Îçndigo - Dual Chip 4G C’‘Î¢m. 12MP e 5MP + Selfie 8MP Tela 6Î_’_Îù - Moto Z3 Play - Magazine Luiza;2299;1889,91;True;10% de desconto; 10x ;209,99;"Moto Z3 Play 64GB ëndigo - Dual Chip 4G C‰m. 12MP e 5MP + Selfie 8MP Tela 6"" - Moto Z3 Play ";Motorola;64GB;Moto Z3 Play;Indigo
 de R$ 2599,00   por R$ 1844,91 ’‘’_ vista (10% de desconto)      ou R$ 2049,90 em 10x de R$ 204,99 sem juros ;Smartphone Motorola Moto Z3 Play Stereo Speaker - 64GB ’‘Îçndigo Dual Chip 4G C’‘Î¢m 12MP e 5MP + Selfie - Moto Z3 Play - Magazine Luiza;2599;1844,91;True;10% de desconto; 10x ;204,99;Moto Z3 Play Stereo Speaker - 64GB ëndigo Dual Chip 4G C‰m 12MP e 5MP + Selfie - Moto Z3 Play ;Motorola;64GB;Moto Z3 Play Stereo Speaker;Indigo
 de R$ 2599,00   por R$ 1880,91 ’‘’_ vista (10% de desconto)      ou R$ 2089,90 em 10x de R$ 208,99 sem juros ;Smartphone Motorola Moto Z3 Play GamePad - 64GB ’‘Îçndigo Dual Chip 4G C’‘Î¢m 12MP e 5MP + Selfie - Moto Z3 Play - Magazine Luiza;2599;1880,91;True;10% de desconto; 10x ;208,99;Moto Z3 Play GamePad - 64GB ëndigo Dual Chip 4G C‰m 12MP e 5MP + Selfie - Moto Z3 Play ;Motorola;64GB;Moto Z3 Play GamePad;Indigo
 de R$ 2699,00   por R$ 1970,91 ’‘’_ vista (10% de desconto)      ou R$ 2189,90 em 10x de R$ 218,99 sem juros ;Smartphone Motorola Moto Z3 Play 128GB ’‘’–nix - Dual Chip 4G C’‘Î¢m. 12MP e 5MP + Selfie 8MP Flash - Moto Z3 Play - Magazine Luiza;2699;1970,91;True;10% de desconto; 10x ;218,99;Moto Z3 Play 128GB ïnix - Dual Chip 4G C‰m. 12MP e 5MP + Selfie 8MP Flash - Moto Z3 Play ;Motorola;128GB;Moto Z3 Play;•nix
 de R$ 2599,00   por R$ 1799,91 ’‘’_ vista (10% de desconto)      ou R$ 1999,90 em 10x de R$ 199,99 sem juros ;Smartphone Motorola Moto Z3 Play PowerPack  DTV - 64GB ’‘Îçndigo Dual Chip 4G C’‘Î¢m 12MP e 5MP + Selfie - Moto Z3 Play - Magazine Luiza;2599;1799,91;True;10% de desconto; 10x ;199,99;Moto Z3 Play PowerPackDTV - 64GB ëndigo Dual Chip 4G C‰m 12MP e 5MP + Selfie - Moto Z3 Play ;Motorola;64GB;Moto Z3 Play PowerPack  DTV;Indigo
 de R$ 2399,00   por R$ 1789,00      em 3x de R$ 596,33 sem juros ;Smartphone Motorola Moto Z3 Play 64GB XT1929 Desbloqueado - Moto Z3 Play - Magazine Luiza;2399;1789;False;; 3x ;596,33;Moto Z3 Play 64GB XT1929- Moto Z3 Play ;Motorola;64GB;Moto Z3 Play;Preto
   por R$ 3019,20      em 10x de R$ 301,92 sem juros ;Smartphone Motorola Moto Z3 Play 64GB Indigo - Moto Z3 Play - Magazine Luiza;   ;3019,2;False;; 10x ;301,92;Moto Z3 Play 64GB Indigo - Moto Z3 Play ;Motorola;64GB;Moto Z3 Play;Indigo
 de R$ 2999,90   por R$ 2424,90      em 10x de R$ 242,49 sem juros ;Smartphone Motorola Moto Z3 Play 64GB Dual 6 5MP - ’‘Îçndigo - Moto Z3 Play - Magazine Luiza;2999,9;2424,9;False;; 10x ;242,49;Moto Z3 Play 64GB Dual 6 5MP - ëndigo - Moto Z3 Play ;Motorola;64GB;Moto Z3 Play;Indigo
 de R$ 2265,89   por R$ 2059,90      em 10x de R$ 205,99 sem juros ;Smartphone Motorola Moto Z3 Play, Indigo, XT1929, Tela de 6Î_’_Îù, 64GB, 12MP - Moto Z3 Play - Magazine Luiza;2265,89;2059,9;False;; 10x ;205,99;"Moto Z3 Play, Indigo, XT1929, Tela de 6"", 64GB, 12MP - Moto Z3 Play ";Motorola;64GB;Moto Z3 Play;Indigo
   por R$ 1799,99      em 3x de R$ 600,00 sem juros ;Smartphone Motorola Moto Z3 Play Dual Chip Android Oreo - 8.0 Tela 6 Octa-Core 1.8 GHz 64GB 4G C’‘Î¢me - Moto Z3 Play - Magazine Luiza;   ;1799,99;False;; 3x ;600;Moto Z3 Play Dual Chip Android Oreo - 8.0 Tela 6 Octa-Core 1.8 GHz 64GB 4G C‰me - Moto Z3 Play ;Motorola;64GB;Moto Z3 Play;•nix
 de R$ 1819,53   por R$ 1799,00      em 10x de R$ 179,90 sem juros ;Smartphone Motorola Moto Z3 Play, Dual Chip, ’‘Îçndigo, Tela 6.1Î_’_Îù, 4G+WiFi +NFC, Android 8.1, C’‘Î¢mera Traseira Dupla, 64GB - Moto Z3 Play - Magazine Luiza;1819,53;1799;False;; 10x ;179,9;"Moto Z3 Play, Dual Chip, ëndigo, Tela 6.1"", 4G+WiFi +NFC, Android 8.1, C‰mera Traseira Dupla, 64GB - Moto Z3 Play ";Motorola;64GB;Moto Z3 Play;Indigo
 de R$ 2699,00   por R$ 2150,91 ’‘’_ vista (10% de desconto)      ou R$ 2389,90 em 10x de R$ 238,99 sem juros ;Smartphone Motorola Moto Z2 Play 360 C’‘Î¢mera - Edition 64GB Azul Top’‘’Åzio Dual Chip C’‘Î¢m. 12MP - Motorola - Magazine Luiza;2699;2150,91;True;10% de desconto; 10x ;238,99;Moto Z2 Play 360 C‰mera - Edition 64GB Azul Top’‘’Åzio Dual Chip C‰m. 12MP -;Motorola;64GB;Moto Z2 Play;Topäzio
 de R$ 1599,00   por R$ 1319,12 ’‘’_ vista (12% de desconto)      ou R$ 1499,00 em 10x de R$ 149,90 sem juros ;Smartphone Motorola G7 64GB Polar 4G - 4GB RAM Tela 6,24Î_’_Îù C’‘Î¢m. Dupla + C’‘Î¢m. Selfie 8MP - Moto G7 - Magazine Luiza;1599;1319,12;True;12% de desconto; 10x ;149,9;"G7 64GB Polar 4G - 4GB RAM Tela 6,24"" C‰m. Dupla + C‰m. Selfie 8MP - Moto G7 ";Motorola;64GB;Moto G7;Polar
 de R$ 2249,00   por R$ 1610,91 ’‘’_ vista (10% de desconto)      ou R$ 1789,90 em 10x de R$ 178,99 sem juros ;Smartphone Asus ZenFone 5 64GB Preto 4G Octa Core - 4GB RAM Tela 6,2Î_’_Îù C’‘Î¢m. 12MP + 8MP + Selfie 8MP - Zenfone - Magazine Luiza;2249;1610,91;True;10% de desconto; 10x ;178,99;"ZenFone 5 64GB Preto 4G Octa Core - 4GB RAM Tela 6,2"" C‰m. 12MP + 8MP + Selfie 8MP - Zenfone ";Asus;64GB;Zenfone 5;Preto
 de R$ 2499,00   por R$ 1826,91 ’‘’_ vista (10% de desconto)      ou R$ 2029,90 em 10x de R$ 202,99 sem juros ;Smartphone Asus ZenFone 5 128GB Prata 4G Octa Core - 4GB RAM Tela 6,2Î_’_Îù C’‘Î¢m. 12MP + 8MP + Selfie 8MP - Zenfone - Magazine Luiza;2499;1826,91;True;10% de desconto; 10x ;202,99;"ZenFone 5 128GB Prata 4G Octa Core - 4GB RAM Tela 6,2"" C‰m. 12MP + 8MP + Selfie 8MP - Zenfone ";Asus;128GB;Zenfone 5;Prata
 de R$ 2499,00   por R$ 1799,10 ’‘’_ vista (10% de desconto)      ou R$ 1999,00 em 10x de R$ 199,90 sem juros ;Smartphone Asus ZenFone 5 128GB Preto 4G Octa Core - 4GB RAM Tela 6,2Î_’_Îù C’‘Î¢m. 12MP + 8MP + Selfie 8MP - Zenfone - Magazine Luiza;2499;1799,1;True;10% de desconto; 10x ;199,9;"ZenFone 5 128GB Preto 4G Octa Core - 4GB RAM Tela 6,2"" C‰m. 12MP + 8MP + Selfie 8MP - Zenfone ";Asus;128GB;Zenfone 5;Preto
 de R$ 3399,00   por R$ 2501,91 ’‘’_ vista (10% de desconto)      ou R$ 2779,90 em 10x de R$ 277,99 sem juros ;Smartphone Asus Zenfone 5Z 128GB Preto 4G - 6GB RAM Tela 6,2Î_’_Îù C’‘Î¢m 12MP + 8MP Selfie 8MP - Zenfone - Magazine Luiza;3399;2501,91;True;10% de desconto; 10x ;277,99;"Zenfone 5Z 128GB Preto 4G - 6GB RAM Tela 6,2"" C‰m 12MP + 8MP Selfie 8MP - Zenfone ";Asus;128GB;Zenfone 5Z;Preto
 de R$ 3899,00   por R$ 2825,91 ’‘’_ vista (10% de desconto)      ou R$ 3139,90 em 10x de R$ 313,99 sem juros ;Smartphone Asus Zenfone 5Z 256GB Preto 4G - 8GB RAM Tela 6,2Î_’_Îù C’‘Î¢m. 12MP + 8MP + Selfie 8MP - Zenfone - Magazine Luiza;3899;2825,91;True;10% de desconto; 10x ;313,99;"Zenfone 5Z 256GB Preto 4G - 8GB RAM Tela 6,2"" C‰m. 12MP + 8MP + Selfie 8MP - Zenfone ";Asus;256GB;Zenfone 5Z;Preto
 de R$ 1499,00   por R$ 1079,10 ’‘’_ vista (10% de desconto)      ou R$ 1199,00 em 10x de R$ 119,90 sem juros ;Smartphone Asus ZenFone Max Pro (M1) 32GB Preto 4G - 3GB RAM Tela 6Î_’_Îù C’‘Î¢m. 13MP + 5MP + Selfie 8MP - Zenfone - Magazine Luiza;1499;1079,1;True;10% de desconto; 10x ;119,9;"ZenFone Max Pro (M1) 32GB Preto 4G - 3GB RAM Tela 6"" C‰m. 13MP + 5MP + Selfie 8MP - Zenfone ";Asus;32GB;Zenfone Max Pro M1;Preto
 de R$ 1499,00   por R$ 1115,91 ’‘’_ vista (10% de desconto)      ou R$ 1239,90 em 10x de R$ 123,99 sem juros ;Smartphone Asus ZenFone Max Pro (M1) 32GB Prata 4G - 3GB RAM Tela 6Î_’_Îù C’‘Î¢m. 13MP + 5MP + Selfie 8MP - Zenfone - Magazine Luiza;1499;1115,91;True;10% de desconto; 10x ;123,99;"ZenFone Max Pro (M1) 32GB Prata 4G - 3GB RAM Tela 6"" C‰m. 13MP + 5MP + Selfie 8MP - Zenfone ";Asus;32GB;Zenfone Max Pro M1;Prata
   por R$ 1215,90      em 10x de R$ 121,59 sem juros ;Smartphone Asus Zenfone Max Pro M1 64Gb/4Gb Preto - ZB602KL-4A136BR - Zenfone - Magazine Luiza;   ;1215,9;False;; 10x ;121,59;Zenfone Max Pro M1 64Gb/4Gb Preto - ZB602KL-4A136BR - Zenfone ;Asus;;Zenfone Max Pro M1;Preto
   por R$ 1215,90      em 10x de R$ 121,59 sem juros ;Smartphone Asus Zenfone Max Pro M1 64GB/4GB, Octa-Core, Tela 6.0 Pol. + C’‘Î¢mera Dual 16MP+5MP - Prata - Zenfone - Magazine Luiza;   ;1215,9;False;; 10x ;121,59;Zenfone Max Pro M1 64GB/4GB, Octa-Core, Tela 6.0 Pol. + C‰mera Dual 16MP+5MP - Prata - Zenfone ;Asus;64GB;Zenfone Max Pro M1;Prata
 de R$ 1699,00   por R$ 1319,00      em 10x de R$ 131,90 sem juros ;Smartphone Asus Zenfone Max Pro M1 64GB/4GB Dual Chip Android Tela Fhd 6.0Î_’_Îù+ 4G C’‘Î¢mera Dual 16MP+5MP - Zenfone - Magazine Luiza;1699;1319;False;; 10x ;131,9;"Zenfone Max Pro M1 64GB/4GB Dual Chip Android Tela Fhd 6.0""+ 4G C‰mera Dual 16MP+5MP - Zenfone ";Asus;64GB;Zenfone Max Pro M1;Preto
 de R$ 899,00   por R$ 719,91 ’‘’_ vista (10% de desconto)      ou R$ 799,90 em 10x de R$ 79,99 sem juros ;Smartphone Samsung Galaxy J4 Core 16GB Azul 4G - Quad Core 1GB RAM Tela 6Î_’_Îù C’‘Î¢m. 8MP + Selfie 5MP - Galaxy J4 Core - Magazine Luiza;899;719,91;True;10% de desconto; 10x ;79,99;"Galaxy J4 Core 16GB Azul 4G - Quad Core 1GB RAM Tela 6"" C‰m. 8MP + Selfie 5MP - Galaxy J4 Core ";Samsung;16GB;Galaxy J4 Core;Azul
 de R$ 899,00   por R$ 629,00      em 10x de R$ 62,90 sem juros ;Smartphone Samsung Galaxy J4 Core 16GB Nano Chip Android Tela 6Î_’_Îù Quad-Core 1.4GHz 4G C’‘Î¢mera 8MP - Galaxy J4 Core - Magazine Luiza;899;629;False;; 10x ;62,9;"Galaxy J4 Core 16GB Nano Chip Android Tela 6"" Quad-Core 1.4GHz 4G C‰mera 8MP - Galaxy J4 Core ";Samsung;16GB;Galaxy J4 Cor;Cobre
 de R$ 1099,00   por R$ 854,91 ’‘’_ vista (10% de desconto)      ou R$ 949,90 em 10x de R$ 94,99 sem juros ;Smartphone Samsung Galaxy J4+ 32GB Rosa 4G - 2GB RAM Tela 6Î_’_Îù C’‘Î¢m. 13MP + C’‘Î¢m. Selfie 5MP - Galaxy J4 Plus - Magazine Luiza;1099;854,91;True;10% de desconto; 10x ;94,99;"Galaxy J4+ 32GB Rosa 4G - 2GB RAM Tela 6"" C‰m. 13MP + C‰m. Selfie 5MP - Galaxy J4 Plus ";Samsung;32GB;Galaxy J4+;Rosa
 de R$ 1899,00   por R$ 1259,10 ’‘’_ vista (10% de desconto)      ou R$ 1399,00 em 10x de R$ 139,90 sem juros ;Smartphone Samsung Galaxy J8 64GB Violeta 4G - 4GB RAM Tela 6Î_’_Îù C’‘Î¢m. 16MP + 5MP + Selfie 16MP - Galaxy J8 - Magazine Luiza;1899;1259,1;True;10% de desconto; 10x ;139,9;"Galaxy J8 64GB Violeta 4G - 4GB RAM Tela 6"" C‰m. 16MP + 5MP + Selfie 16MP - Galaxy J8 ";Samsung;64GB;Galaxy J8;Violeta
 de R$ 1899,00   por R$ 1259,10 ’‘’_ vista (10% de desconto)      ou R$ 1399,00 em 10x de R$ 139,90 sem juros ;Smartphone Samsung Galaxy J8 64GB Prata 4G - 4GB RAM Tela 6Î_’_Îù C’‘Î¢m. 16MP + 5MP + Selfie 16MP - Galaxy J8 - Magazine Luiza;1899;1259,1;True;10% de desconto; 10x ;139,9;"Galaxy J8 64GB Prata 4G - 4GB RAM Tela 6"" C‰m. 16MP + 5MP + Selfie 16MP - Galaxy J8 ";Samsung;64GB;Galaxy J8;Prata
 de R$ 899,00   por R$ 602,91 ’‘’_ vista (10% de desconto)      ou R$ 669,90 em 10x de R$ 66,99 sem juros ;Smartphone Samsung Galaxy J4 Core 16GB Cobre 4G - Quad Core 1GB RAM Tela 6Î_’_Îù C’‘Î¢m. 8MP + Selfie 5MP - Galaxy J4 Core - Magazine Luiza;899;602,91;True;10% de desconto; 10x ;66,99;"Galaxy J4 Core 16GB Cobre 4G - Quad Core 1GB RAM Tela 6"" C‰m. 8MP + Selfie 5MP - Galaxy J4 Core ";Samsung;16GB;Galaxy J4 Core;Cobre
 de R$ 1099,00   por R$ 737,91 ’‘’_ vista (10% de desconto)      ou R$ 819,90 em 10x de R$ 81,99 sem juros ;Smartphone Samsung Galaxy J4 32GB Preto - Dual Chip 4G C’‘Î¢m. 13MP + Selfie 5MP Flash - Samsung Galaxy - Magazine Luiza;1099;737,91;True;10% de desconto; 10x ;81,99;Galaxy J4 32GB Preto - Dual Chip 4G C‰m. 13MP + Selfie 5MP Flash -Galaxy ;Samsung;32GB;Galaxy J4;Preto
 de R$ 999,00   por R$ 899,90      em 10x de R$ 89,99 sem juros ;Smartphone Samsung Galaxy J7 Neo J701M Dual Chip Android 7.0 Tela 5.5 4G/Wi-Fi 13MP GPS e TV Dourado - Galaxy J7 Neo / J7 Metal - Magazine Luiza;999;899,9;False;; 10x ;89,99;Galaxy J7 Neo J701M Dual Chip Android 7.0 Tela 5.5 4G/Wi-Fi 13MP GPS e TV Dourado - Galaxy J7 Neo / J7 Metal ;Samsung;;Galaxy J7 Neo ;Dourado
 de R$ 1399,00   por R$ 1098,90      em 10x de R$ 109,89 sem juros ;Smartphone Samsung Galaxy J7 Prime Dual Chip Android 7.0 Tela 5,5Î_’_Îù 4G/Wi-Fi 13MP e GPS - Preto - Galaxy J7 Prime / J7 Pro - Magazine Luiza;1399;1098,9;False;; 10x ;109,89;"Galaxy J7 Prime Dual Chip Android 7.0 Tela 5,5"" 4G/Wi-Fi 13MP e GPS - Preto - Galaxy J7 Prime / J7 Pro ";Samsung;;Galaxy J7 Prime;Preto
 de R$ 1399,00   por R$ 1299,90      em 10x de R$ 129,99 sem juros ;Smartphone Samsung Galaxy J7 Prime G610M Dual Chip Android 7.0 Tela 5,5 4G/Wi-Fi 13MP GPS - Dourado - Galaxy J7 Prime / J7 Pro - Magazine Luiza;1399;1299,9;False;; 10x ;129,99;Galaxy J7 Prime G610M Dual Chip Android 7.0 Tela 5,5 4G/Wi-Fi 13MP GPS - Dourado - Galaxy J7 Prime / J7 Pro ;Samsung;;Galaxy J7 Prime;Dourado
   por R$ 1999,00      em 10x de R$ 199,90 sem juros ;Smartphone Samsung Galaxy J7 Prime 2 Preto 32GB Dual Chip com TV Digital HD Tela 5.5Î_’_Îù Camera 13MP - Galaxy J7 Prime / J7 Pro - Magazine Luiza;   ;1999;False;; 10x ;199,9;"Galaxy J7 Prime 2 Preto 32GB Dual Chip com TV Digital HD Tela 5.5"" Camera 13MP - Galaxy J7 Prime / J7 Pro ";Samsung;32GB;Galaxy J7 Prime;Preto
 de R$ 999,00   por R$ 977,90      em 10x de R$ 97,79 sem juros ;Smartphone Samsung J5 Pro J530G 32GB Desbloqueado Dual Chip. Tela 5.2Î_’_Îù. 4G/Wi-Fi e 13MP - Dourado - Galaxy J5 Prime / J5 Pro - Magazine Luiza;999;977,9;False;; 10x ;97,79;"J5 Pro J530G 32GBDual Chip. Tela 5.2"". 4G/Wi-Fi e 13MP - Dourado - Galaxy J5 Prime / J5 Pro ";Samsung;32GB;J5 Pro;Dourado
 de R$ 1262,11   por R$ 1199,00      em 10x de R$ 119,90 sem juros ;Smartphone Samsung Galaxy J-5 Pr’‘_ 32GB Dual Chip Tela 5.2 Android 7.0 C’‘Î¢mera 13MP - Samsung celular - Galaxy J5 Prime / J5 Pro - Magazine Luiza;1262,11;1199;False;; 10x ;119,9;Galaxy J-5 Pro 32GB Dual Chip Tela 5.2 Android 7.0 C‰mera 13MP -celular - Galaxy J5 Prime / J5 Pro ;Samsung;32GB;Galaxy J5 Prime;
   por R$ 999,90      em 10x de R$ 99,99 sem juros ;Smartphone Samsung Galaxy J7 Neo J701M Dual Chip Android 7.0 Tela 5.5 4G/Wi-Fi 13MP GPS e TV Preto - Galaxy J7 Neo / J7 Metal - Magazine Luiza;   ;999,9;False;; 10x ;99,99;Galaxy J7 Neo J701M Dual Chip Android 7.0 Tela 5.5 4G/Wi-Fi 13MP GPS e TV Preto - Galaxy J7 Neo / J7 Metal ;Samsung;;Galaxy J7 Neo;Preto
 de R$ 799,00   por R$ 624,00      em 10x de R$ 62,40 sem juros ;Smartphone Samsung Galaxy J2 Prime Dual Chip Android 6.0.1 Tela 5Î_’_Îù Quad-Core 1.4 GHz 16GB 4G C’‘Î¢mera 8MP - Preto - Galaxy J2 Prime - Magazine Luiza;799;624;False;; 10x ;62,4;"Galaxy J2 Prime Dual Chip Android 6.0.1 Tela 5"" Quad-Core 1.4 GHz 16GB 4G C‰mera 8MP - Preto - Galaxy J2 Prime ";Samsung;16GB;Galaxy J2 Prime;Preto
 de R$ 790,99   por R$ 647,99      em 10x de R$ 64,80 sem juros ;Smartphone Samsung Galaxy J2 Prime TV - Tela 5Î_’_Îù HD, Quad Core, C’‘Î¢mera 8MP e Flash Frontal, 16GB, Dual Chip 4G - Rosa - SM-G532MT - Smartphone - Magazine Luiza;790,99;647,99;False;; 10x ;64,8;"Galaxy J2 Prime TV - Tela 5"" HD, Quad Core, C‰mera 8MP e Flash Frontal, 16GB, Dual Chip 4G - Rosa - SM-G532MT -";Samsung;16GB;Galaxy J2 Prime TV;Rosa
 de R$ 817,99   por R$ 669,99      em 10x de R$ 67,00 sem juros ;Smartphone Samsung Galaxy J2 Pro - Tela 5Î_’_Îù Super AMOLED - 16GB - Dual Chip - Camera 8MP - Rosa - SM-J250 - Smartphone - Magazine Luiza;817,99;669,99;False;; 10x ;67;"Galaxy J2 Pro - Tela 5"" Super AMOLED - 16GB - Dual Chip - Camera 8MP - Rosa - SM-J250 -";Samsung;16GB;Galaxy J2 Pro;Rosa
   por R$ 748,00      em 8x de R$ 93,50 sem juros ;Smartphone LG Q6 32GB Dual Chip 4G Tela 5.5 Full Hd+ Octacore C’‘Î¢mera 13MP - Preto - LG Q6 / Q6+ - Magazine Luiza;   ;748;False;; 8x ;93,5;Q6 32GB Dual Chip 4G Tela 5.5 Full Hd+ Octacore C‰mera 13MP - Preto -Q6 / Q6+ ;LG;32GB;Q6;Preto
   por R$ 748,00      em 8x de R$ 93,50 sem juros ;Smartphone LG Q6 32GB Dual Chip 4G Tela 5.5 Full Hd+ Octacore C’‘Î¢mera 13MP - Rose Gold - LG Q6 / Q6+ - Magazine Luiza;   ;748;False;; 8x ;93,5;Q6 32GB Dual Chip 4G Tela 5.5 Full Hd+ Octacore C‰mera 13MP - Rose Gold -Q6 / Q6+ ;LG;32GB;Q6;Rose Gold
   por R$ 748,00      em 8x de R$ 93,50 sem juros ;Smartphone LG Q6 Dual Chip Android 7.0 Tela 5.5 Full Hd+ Octacore 32GB 4G C’‘Î¢mera 13MP - Platinum - LG Q6 / Q6+ - Magazine Luiza;   ;748;False;; 8x ;93,5;Q6 Dual Chip Android 7.0 Tela 5.5 Full Hd+ Octacore 32GB 4G C‰mera 13MP - Platinum -Q6 / Q6+ ;LG;32GB;Q6;Platinum
 de R$ 1999,00   por R$ 1214,91 ’‘’_ vista (10% de desconto)      ou R$ 1349,90 em 10x de R$ 134,99 sem juros ;Smartphone LG Q7+ 64GB Preto 4G Octa Core 4GB RAM - Tela 5,5Î_’_Îù C’‘Î¢m. 16MP + Selfie 5MP Dual Chip - Celular LG - Magazine Luiza;1999;1214,91;True;10% de desconto; 10x ;134,99;"Q7+ 64GB Preto 4G Octa Core 4GB RAM - Tela 5,5"" C‰m. 16MP + Selfie 5MP Dual Chip - Celular";LG;64GB;Q7+;Preto
 de R$ 3999,00   por R$ 2699,91 ’‘’_ vista (10% de desconto)      ou R$ 2999,90 em 10x de R$ 299,99 sem juros ;Smartphone LG G7 ThinQ 64GB Preto 4G Octa Core - 4GB RAM Tela 6,1Î_’_Îù C’‘Î¢m. 16MP e 16MP Selfie 8MP - LG G7 - Magazine Luiza;3999;2699,91;True;10% de desconto; 10x ;299,99;"G7 ThinQ 64GB Preto 4G Octa Core - 4GB RAM Tela 6,1"" C‰m. 16MP e 16MP Selfie 8MP -G7 ";LG;64GB;G7 ThinQ;Preto
 de R$ 3629,89   por R$ 3299,90      em 10x de R$ 329,99 sem juros ;Smartphone LG G7 Thinq Preto,LMG710  Android 8.0 Tela 6.1Î_’_Îù 64GB C’‘Î¢mera 16 + 16MP (Dual Traseira) - LG G7 - Magazine Luiza;3629,89;3299,9;False;; 10x ;329,99;"G7 Thinq Preto,LMG710Android 8.0 Tela 6.1"" 64GB C‰mera 16 + 16MP (Dual Traseira) -G7 ";LG;64GB;G7 Thinq;Preto
 de R$ 999,00   por R$ 959,00      em 10x de R$ 95,90 sem juros ;Smartphone Motorola Moto G7 Play 32GB 2GB OctaCore 1.8GHz 5.7Î_’_Îù 13MP 8MP Android 9.0, Ouro - Moto G7 Play - Magazine Luiza;999;959;False;; 10x ;95,9;"Moto G7 Play 32GB 2GB OctaCore 1.8GHz 5.7"" 13MP 8MP Android 9.0, Ouro - Moto G7 Play ";Motorola;32GB;Moto G7 Play;Ouro
   por R$ 898,00      em 8x de R$ 112,25 sem juros ;Smartphone Motorola Moto G7 Play 32GB Tela 5.7 Octa core 1.8 GHz C’‘Î¢mera Traseira 13MP - ’‘Îçndigo - Moto G7 Play - Magazine Luiza;   ;898;False;; 8x ;112,25;Moto G7 Play 32GB Tela 5.7 Octa core 1.8 GHz C‰mera Traseira 13MP - ëndigo - Moto G7 Play ;Motorola;32GB;Moto G7 Play;Indigo
 de R$ 1019,00   por R$ 898,00      em 6x de R$ 149,67 sem juros ;Smartphone motorola xt1952 moto g7 play indigo 32 gb - Moto G7 Play - Magazine Luiza;1019;898;False;; 6x ;149,67;Moto G7 Play Indigo 32 GB - Moto G7 Play ;Motorola;;Moto G7 Play;Indigo
   por R$ 999,25      em 2x de R$ 499,63 sem juros ;Smartphone Motorola Moto G7 Play Xt1952 32gb 13mp ’‘Îçndigo - Moto G7 Play - Magazine Luiza;   ;999,25;False;; 2x ;499,63;Moto G7 Play Xt1952 32gb 13mp ëndigo - Moto G7 Play ;Motorola;;Moto G7 Play;Indigo
   por R$ 898,00      em 8x de R$ 112,25 sem juros ;Smartphone Motorola Moto G7 Play 32GB Tela 5.7 Octa core 1.8 GHz C’‘Î¢mera Traseira 13MP - Ouro - Moto G7 Play - Magazine Luiza;   ;898;False;; 8x ;112,25;Moto G7 Play 32GB Tela 5.7 Octa core 1.8 GHz C‰mera Traseira 13MP - Ouro - Moto G7 Play ;Motorola;32GB;Moto G7 Play;Ouro
 de R$ 1049,00   por R$ 859,00      em 10x de R$ 85,90 sem juros ;Smartphone Motorola XT1952-2 Moto G7 Play 32GB Dual Chip Android Pie - 9.0 - Moto G7 Play - Magazine Luiza;1049;859;False;; 10x ;85,9;XT1952-2 Moto G7 Play 32GB Dual Chip Android Pie - 9.0 - Moto G7 Play ;Motorola;32GB;Moto G7 Play;
 de R$ 899,00   por R$ 710,91 ’‘’_ vista (10% de desconto)      ou R$ 789,90 em 10x de R$ 78,99 sem juros ;Smartphone Motorola Moto E5 16GB Platinum - Dual Chip 4G C’‘Î¢m 13MP + Selfie 5MP Flash Tela 5.7Î_’_Îù - Moto E5 - Magazine Luiza;899;710,91;True;10% de desconto; 10x ;78,99;"Moto E5 16GB Platinum - Dual Chip 4G C‰m 13MP + Selfie 5MP Flash Tela 5.7"" - Moto E5 ";Motorola;16GB;Moto E5;Platinum
 de R$ 1999,00   por R$ 1475,91 ’‘’_ vista (10% de desconto)      ou R$ 1639,90 em 10x de R$ 163,99 sem juros ;Smartphone Motorola Moto Z2 Play 64GB Ouro - Dual Chip 4G C’‘Î¢m. 12MP + Selfie 5MP Tela 5.5Î_’_Îù - Moto Z2 Play - Magazine Luiza;1999;1475,91;True;10% de desconto; 10x ;163,99;"Moto Z2 Play 64GB Ouro - Dual Chip 4G C‰m. 12MP + Selfie 5MP Tela 5.5"" - Moto Z2 Play ";Motorola;64GB;Moto Z2 Play;Ouro
   por R$ 1479,99      em 10x de R$ 148,00 sem juros ;smartphone motorola moto z2 play 64gb ouro - dual chip 4g c’‘Î¢m. 12mp + selfie 5mp tela 5.5 - Moto Z2 Play - Magazine Luiza;   ;1479,99;False;; 10x ;148;Motorola Moto Z2 Play 64GB Ouro - Dual Chip 4G C‰m. 12MP + Selfie 5MP Tela 5.5 - Moto Z2 Play ;Motorola;;Moto Z2 Play;Ouro
 de R$ 1829,90   por R$ 1679,90      em 3x de R$ 559,97 sem juros ;Smartphone Motorola Moto Z2 Play XT1710 Ouro com 64GB, Tela de 5.5, Dual Chip, C’‘Î¢mera 12MP, Android 7.1, Processador O - Mororola - Moto Z2 Play - Magazine Luiza;1829,9;1679,9;False;; 3x ;559,97;Moto Z2 Play XT1710 Ouro com 64GB, Tela de 5.5, Dual Chip, C‰mera 12MP, Android 7.1, Processador O - Mororola - Moto Z2 Play ;Motorola;64GB;Moto Z2 Play;Ouro
 de R$ 3899,90   por R$ 2834,10 ’‘’_ vista (10% de desconto)      ou R$ 3149,00 em 10x de R$ 314,90 sem juros ;iPhone 7 Apple 128GB Preto Matte 4G Tela 4.7Î_’_Îù - Retina C’‘Î¢m.12MP +Selfie 7MP iOS 11 Proc. Chip A10 - iPhone - Magazine Luiza;3899,9;2834,1;True;10% de desconto; 10x ;314,9;"iPhone 7128GB Preto Matte 4G Tela 4.7"" - Retina C‰m.12MP +Selfie 7MP iOS 11 Proc. Chip A10 - iPhone ";Apple;128GB;iPhone 7;Preto Matte
 de R$ 3499,90   por R$ 2474,10 ’‘’_ vista (10% de desconto)      ou R$ 2749,00 em 10x de R$ 274,90 sem juros ;iPhone 7 Apple 32GB Preto Matte 4G Tela 4.7Î_’_ÎùRetina - C’‘Î¢m. 12MP + Selfie 7MP iOS 11 Proc. Chip A10 - iPhone - Magazine Luiza;3499,9;2474,1;True;10% de desconto; 10x ;274,9;"iPhone 732GB Preto Matte 4G Tela 4.7""Retina - C‰m. 12MP + Selfie 7MP iOS 11 Proc. Chip A10 - iPhone ";Apple;32GB;iPhone 7;Preto Matte
 de R$ 3999,00   por R$ 3014,10 ’‘’_ vista (10% de desconto)      ou R$ 3349,00 em 10x de R$ 334,90 sem juros ;iPhone 8 Apple 64GB Cinza Espacial 4G Tela 4,7Î_’_Îù - Retina C’‘Î¢m. 12MP + Selfie 7MP iOS 11 - iPhone - Magazine Luiza;3999;3014,1;True;10% de desconto; 10x ;334,9;"iPhone 864GB Cinza Espacial 4G Tela 4,7"" - Retina C‰m. 12MP + Selfie 7MP iOS 11 - iPhone ";Apple;64GB;iPhone 8;Cinza Espacial
 de R$ 4799,00   por R$ 3689,10 ’‘’_ vista (10% de desconto)      ou R$ 4099,00 em 10x de R$ 409,90 sem juros ;iPhone 8 Product (RED) Special Edition Apple 256GB - Vermelho 4G 4.7Î_’_Îù Retina C’‘Î¢mera 12MP + Selfie 7MP - iPhone - Magazine Luiza;4799;3689,1;True;10% de desconto; 10x ;409,9;"iPhone 8 Product (RED) Special Edition256GB - Vermelho 4G 4.7"" Retina C‰mera 12MP + Selfie 7MP - iPhone ";Apple;256GB;iPhone 8;Vermelho
 de R$ 3899,90   por R$ 2879,10 ’‘’_ vista (10% de desconto)      ou R$ 3199,00 em 10x de R$ 319,90 sem juros ;iPhone 7 Apple 128GB Dourado 4G Tela 4.7Î_’_Îù Retina - C’‘Î¢m. 12MP + Selfie 7MP iOS 11 Proc. Chip A10 - iPhone - Magazine Luiza;3899,9;2879,1;True;10% de desconto; 10x ;319,9;"iPhone 7128GB Dourado 4G Tela 4.7"" Retina - C‰m. 12MP + Selfie 7MP iOS 11 Proc. Chip A10 - iPhone ";Apple;128GB;iPhone 7;Dourado
 de R$ 3899,90   por R$ 2834,10 ’‘’_ vista (10% de desconto)      ou R$ 3149,00 em 10x de R$ 314,90 sem juros ;iPhone 7 Apple 128GB Ouro Rosa 4G Tela 4.7Î_’_Îù Retina - C’‘Î¢m. 12MP + Selfie 7MP iOS 11 Proc. Chip A10 - iPhone - Magazine Luiza;3899,9;2834,1;True;10% de desconto; 10x ;314,9;"iPhone 7128GB Ouro Rosa 4G Tela 4.7"" Retina - C‰m. 12MP + Selfie 7MP iOS 11 Proc. Chip A10 - iPhone ";Apple;128GB;iPhone 7;Ouro Rosa
 de R$ 4499,90   por R$ 3869,10 ’‘’_ vista (10% de desconto)      ou R$ 4299,00 em 10x de R$ 429,90 sem juros ;iPhone 7 Plus Apple 128GB Ouro Rosa 4G Tela 5.5Î_’_Îù - Retina C’‘Î¢m. 12MP + Selfie 7MP iOS 11 - iPhone - Magazine Luiza;4499,9;3869,1;True;10% de desconto; 10x ;429,9;"iPhone 7 Plus128GB Ouro Rosa 4G Tela 5.5"" - Retina C‰m. 12MP + Selfie 7MP iOS 11 - iPhone ";Apple;128GB;iPhone 7 Plus;Ouro Rosa
 de R$ 4499,90   por R$ 3869,10 ’‘’_ vista (10% de desconto)      ou R$ 4299,00 em 10x de R$ 429,90 sem juros ;iPhone 7 Plus Apple 128GB Prateado 4G Tela 5.5Î_’_Îù - Retina C’‘Î¢m. 12MP + Selfie 7MP iOS 10 - iPhone - Magazine Luiza;4499,9;3869,1;True;10% de desconto; 10x ;429,9;"iPhone 7 Plus128GB Prateado 4G Tela 5.5"" - Retina C‰m. 12MP + Selfie 7MP iOS 10 - iPhone ";Apple;128GB;iPhone 7 Plus;Prateado
 de R$ 4099,90   por R$ 2879,10 ’‘’_ vista (10% de desconto)      ou R$ 3199,00 em 10x de R$ 319,90 sem juros ;iPhone 7 Plus Apple 32GB Preto Matte 4G Tela 5.5Î_’_Îù - C’‘Î¢m. 12MP + Selfie 7MP iOS 11 Proc. Chip A10 - iPhone - Magazine Luiza;4099,9;2879,1;True;10% de desconto; 10x ;319,9;"iPhone 7 Plus32GB Preto Matte 4G Tela 5.5"" - C‰m. 12MP + Selfie 7MP iOS 11 Proc. Chip A10 - iPhone ";Apple;32GB;iPhone 7 Plus;Preto Matte
 de R$ 4499,90   por R$ 3239,10 ’‘’_ vista (10% de desconto)      ou R$ 3599,00 em 10x de R$ 359,90 sem juros ;iPhone 7 Plus Apple 128GB Preto Matte 4G Tela 5.5Î_’_Îù - C’‘Î¢m. 12MP + Selfie 7MP iOS 11 Proc. Chip A10 - iPhone - Magazine Luiza;4499,9;3239,1;True;10% de desconto; 10x ;359,9;"iPhone 7 Plus128GB Preto Matte 4G Tela 5.5"" - C‰m. 12MP + Selfie 7MP iOS 11 Proc. Chip A10 - iPhone ";Apple;128GB;iPhone 7 Plus;Preto Matte
 de R$ 4599,00   por R$ 3599,10 ’‘’_ vista (10% de desconto)      ou R$ 3999,00 em 10x de R$ 399,90 sem juros ;iPhone 8 Plus Apple 64GB Dourado 4G - Tela 5,5Î_’_Îù Retina C’‘Î¢mera 12MP iOS 11 Proc. A11 - iPhone - Magazine Luiza;4599;3599,1;True;10% de desconto; 10x ;399,9;"iPhone 8 Plus64GB Dourado 4G - Tela 5,5"" Retina C‰mera 12MP iOS 11 Proc. A11 - iPhone ";Apple;64GB;iPhone 8 Plus;Dourado
 de R$ 4599,00   por R$ 3599,10 ’‘’_ vista (10% de desconto)      ou R$ 3999,00 em 10x de R$ 399,90 sem juros ;iPhone 8 Plus Apple 64GB Cinza Espacial 4G - Tela 5,5Î_’_Îù Retina C’‘Î¢mera 12MP iOS 11 Proc. A11 - iPhone - Magazine Luiza;4599;3599,1;True;10% de desconto; 10x ;399,9;"iPhone 8 Plus64GB Cinza Espacial 4G - Tela 5,5"" Retina C‰mera 12MP iOS 11 Proc. A11 - iPhone ";Apple;64GB;iPhone 8 Plus;Cinza Espacial
 de R$ 4599,00   por R$ 3599,10 ’‘’_ vista (10% de desconto)      ou R$ 3999,00 em 10x de R$ 399,90 sem juros ;iPhone 8 Plus Apple 64GB Prata 4G - Tela 5,5Î_’_Îù Retina C’‘Î¢mera 12MP iOS 11 Proc. A11 - iPhone - Magazine Luiza;4599;3599,1;True;10% de desconto; 10x ;399,9;"iPhone 8 Plus64GB Prata 4G - Tela 5,5"" Retina C‰mera 12MP iOS 11 Proc. A11 - iPhone ";Apple;64GB;iPhone 8 Plus;Prata
   por R$ 4599,00      em 10x de R$ 459,90 sem juros ;iPhone 8 Plus Apple Dourado, 64GB Desbloqueado - MQ8N2BR/A - iPhone - Magazine Luiza;   ;4599;False;; 10x ;459,9;iPhone 8 PlusDourado, 64GB- MQ8N2BR/A - iPhone ;Apple;64GB;iPhone 8 Plus;Dourado
   por R$ 5399,00      em 10x de R$ 539,90 sem juros ;iPhone 8 Plus Apple Dourado, 256GB Desbloqueado - MQ8R2BR/A - iPhone - Magazine Luiza;   ;5399;False;; 10x ;539,9;iPhone 8 PlusDourado, 256GB- MQ8R2BR/A - iPhone ;Apple;256GB;iPhone 8 Plus;Dourado
 de R$ 5399,00   por R$ 4139,10 ’‘’_ vista (10% de desconto)      ou R$ 4599,00 em 10x de R$ 459,90 sem juros ;iPhone 8 Plus Apple 256GB Cinza Espacial 4G  - Tela 5,5Î_’_Îù Retina C’‘Î¢mera 12MP iOS 11 Proc. Chip A11 - iPhone - Magazine Luiza;5399;4139,1;True;10% de desconto; 10x ;459,9;"iPhone 8 Plus256GB Cinza Espacial 4G- Tela 5,5"" Retina C‰mera 12MP iOS 11 Proc. Chip A11 - iPhone ";Apple;256GB;iPhone 8 Plus;Cinza Espacial
 de R$ 5199,00   por R$ 4139,10 ’‘’_ vista (10% de desconto)      ou R$ 4599,00 em 10x de R$ 459,90 sem juros ;iPhone XR Apple 64GB Preto 4G Tela 6,1Î_’_Îù Retina - C’‘Î¢mera 12MP + Selfie 7MP iOS 12 A12 Bionic Chip - iPhone - Magazine Luiza;5199;4139,1;True;10% de desconto; 10x ;459,9;"iPhone XR64GB Preto 4G Tela 6,1"" Retina - C‰mera 12MP + Selfie 7MP iOS 12 A12 Bionic Chip - iPhone ";Apple;64GB;iPhone XR;Preto
 de R$ 5199,00   por R$ 4139,10 ’‘’_ vista (10% de desconto)      ou R$ 4599,00 em 10x de R$ 459,90 sem juros ;iPhone XR Apple 64GB Amarelo 4G Tela 6,1Î_’_Îù Retina - C’‘Î¢mera 12MP + Selfie 7MP iOS 12 A12 Bionic Chip - iPhone - Magazine Luiza;5199;4139,1;True;10% de desconto; 10x ;459,9;"iPhone XR64GB Amarelo 4G Tela 6,1"" Retina - C‰mera 12MP + Selfie 7MP iOS 12 A12 Bionic Chip - iPhone ";Apple;64GB;iPhone XR;Amarelo
 de R$ 5499,00   por R$ 4409,10 ’‘’_ vista (10% de desconto)      ou R$ 4899,00 em 10x de R$ 489,90 sem juros ;iPhone XR Apple 128GB Amarelo 4G Tela 6,1Î_’_Îù Retina - C’‘Î¢mera 12MP + Selfie 7MP iOS 12 A12 Bionic Chip - iPhone - Magazine Luiza;5499;4409,1;True;10% de desconto; 10x ;489,9;"iPhone XR128GB Amarelo 4G Tela 6,1"" Retina - C‰mera 12MP + Selfie 7MP iOS 12 A12 Bionic Chip - iPhone ";Apple;128GB;iPhone XR;Amarelo
   por R$ 7199,10 ’‘’_ vista (10% de desconto)      ou R$ 7999,00 em 12x de R$ 666,58 sem juros ;iPhone XS Max Apple 64GB Ouro 4G Tela 6,5Î_’_Îù Retina - C’‘Î¢mera Dupla 12MP + Selfie 7MP iOS 12 - iPhone - Magazine Luiza;   ;7199,1;True;10% de desconto; 12x ;666,58;"iPhone XS Max64GB Ouro 4G Tela 6,5"" Retina - C‰mera Dupla 12MP + Selfie 7MP iOS 12 - iPhone ";Apple;64GB;iPhone XS Max;Ouro
   por R$ 7199,10 ’‘’_ vista (10% de desconto)      ou R$ 7999,00 em 12x de R$ 666,58 sem juros ;iPhone XS Max Apple 64GB Prata 4G Tela 6,5Î_’_Îù Retina - C’‘Î¢mera Dupla 12MP + Selfie 7MP iOS 12 - iPhone - Magazine Luiza;   ;7199,1;True;10% de desconto; 12x ;666,58;"iPhone XS Max64GB Prata 4G Tela 6,5"" Retina - C‰mera Dupla 12MP + Selfie 7MP iOS 12 - iPhone ";Apple;64GB;iPhone XS Max;Prata
   por R$ 6569,10 ’‘’_ vista (10% de desconto)      ou R$ 7299,00 em 12x de R$ 608,25 sem juros ;iPhone XS Apple 64GB Ouro 4G Tela 5,8Î_’_Îù Retina - C’‘Î¢mera Dupla 12MP + Selfie 7MP iOS 12 - iPhone - Magazine Luiza;   ;6569,1;True;10% de desconto; 12x ;608,25;"iPhone XS64GB Ouro 4G Tela 5,8"" Retina - C‰mera Dupla 12MP + Selfie 7MP iOS 12 - iPhone ";Apple;64GB;iPhone XS;Ouro
   por R$ 6569,10 ’‘’_ vista (10% de desconto)      ou R$ 7299,00 em 12x de R$ 608,25 sem juros ;iPhone XS Apple 64GB Prata 4G Tela 5,8Î_’_Îù Retina - C’‘Î¢mera Dupla 12MP + Selfie 7MP iOS 12 - iPhone - Magazine Luiza;   ;6569,1;True;10% de desconto; 12x ;608,25;"iPhone XS64GB Prata 4G Tela 5,8"" Retina - C‰mera Dupla 12MP + Selfie 7MP iOS 12 - iPhone ";Apple;64GB;iPhone XS;Prata
 de R$ 5499,00   por R$ 4409,10 ’‘’_ vista (10% de desconto)      ou R$ 4899,00 em 10x de R$ 489,90 sem juros ;iPhone XR Apple 128GB Branco 4G Tela 6,1Î_’_Îù Retina - C’‘Î¢mera 12MP + Selfie 7MP iOS 12 A12 Bionic Chip - iPhone - Magazine Luiza;5499;4409,1;True;10% de desconto; 10x ;489,9;"iPhone XR128GB Branco 4G Tela 6,1"" Retina - C‰mera 12MP + Selfie 7MP iOS 12 A12 Bionic Chip - iPhone ";Apple;128GB;iPhone XR;Branco
 de R$ 5999,00   por R$ 4859,10 ’‘’_ vista (10% de desconto)      ou R$ 5399,00 em 12x de R$ 449,92 sem juros ;iPhone XR Apple 256GB Product Red 4G Tela 6,1Î_’_Îù - Retina C’‘Î¢mera 12MP + Selfie 7MP iOS 12 - iPhone - Magazine Luiza;5999;4859,1;True;10% de desconto; 12x ;449,92;"iPhone XR256GB Product Red 4G Tela 6,1"" - Retina C‰mera 12MP + Selfie 7MP iOS 12 - iPhone ";Apple;256GB;iPhone XR;Vermelho
 de R$ 5999,00   por R$ 4859,10 ’‘’_ vista (10% de desconto)      ou R$ 5399,00 em 12x de R$ 449,92 sem juros ;iPhone XR Apple 256GB Coral 4G Tela 6,1Î_’_Îù Retina - C’‘Î¢mera 12MP + Selfie 7MP iOS 12 A12 Bionic Chip - iPhone - Magazine Luiza;5999;4859,1;True;10% de desconto; 12x ;449,92;"iPhone XR256GB Coral 4G Tela 6,1"" Retina - C‰mera 12MP + Selfie 7MP iOS 12 A12 Bionic Chip - iPhone ";Apple;256GB;iPhone XR;Coral
   por R$ 8999,10 ’‘’_ vista (10% de desconto)      ou R$ 9999,00 em 12x de R$ 833,25 sem juros ;iPhone XS Max Apple 512GB Ouro 4G Tela 6,5Î_’_Îù - Retina C’‘Î¢mera Dupla 12MP + Selfie 7MP iOS 12 - iPhone - Magazine Luiza;   ;8999,1;True;10% de desconto; 12x ;833,25;"iPhone XS Max512GB Ouro 4G Tela 6,5"" - Retina C‰mera Dupla 12MP + Selfie 7MP iOS 12 - iPhone ";Apple;512GB;iPhone XS Max;Ouro
   por R$ 8999,10 ’‘’_ vista (10% de desconto)      ou R$ 9999,00 em 12x de R$ 833,25 sem juros ;iPhone XS Max Apple 512GB Prata 4G Tela 6,5Î_’_Îù - Retina C’‘Î¢mera Dupla 12MP + Selfie 7MP iOS 12 - iPhone - Magazine Luiza;   ;8999,1;True;10% de desconto; 12x ;833,25;"iPhone XS Max512GB Prata 4G Tela 6,5"" - Retina C‰mera Dupla 12MP + Selfie 7MP iOS 12 - iPhone ";Apple;512GB;iPhone XS Max;Prata
   por R$ 4499,10 ’‘’_ vista (10% de desconto)      ou R$ 4999,00 em 10x de R$ 499,90 sem juros ;Smartphone Samsung Galaxy S10 128GB Branco 4G - 8GB RAM Tela 6,1Î_’_Îù C’‘Î¢m. Tripla + Selfie 10MP - Galaxy S10 - Magazine Luiza;   ;4499,1;True;10% de desconto; 10x ;499,9;"Galaxy S10 128GB Branco 4G - 8GB RAM Tela 6,1"" C‰m. Tripla + Selfie 10MP - Galaxy S10 ";Samsung;128GB;Galaxy S10;Branco
   por R$ 4949,10 ’‘’_ vista (10% de desconto)      ou R$ 5499,00 em 12x de R$ 458,25 sem juros ;Smartphone Samsung Galaxy S10+ 128GB Preto 4G - 8GB RAM Tela 6,4Î_’_Îù C’‘Î¢m. Tripla + Selfie Dupla - Galaxy S10+ - Magazine Luiza;   ;4949,1;True;10% de desconto; 12x ;458,25;"Galaxy S10+ 128GB Preto 4G - 8GB RAM Tela 6,4"" C‰m. Tripla + Selfie Dupla - Galaxy S10+ ";Samsung;128GB;Galaxy S10+;Preto
   por R$ 3869,10 ’‘’_ vista (10% de desconto)      ou R$ 4299,00 em 10x de R$ 429,90 sem juros ;Smartphone Samsung Galaxy S10e 128GB Branco 4G  - 6GB RAM Tela 5,8Î_’_Îù C’‘Î¢m. Dupla + Selfie 10MP - Galaxy S10e - Magazine Luiza;   ;3869,1;True;10% de desconto; 10x ;429,9;"Galaxy S10e 128GB Branco 4G- 6GB RAM Tela 5,8"" C‰m. Dupla + Selfie 10MP - Galaxy S10e ";Samsung;128GB;Galaxy S10e;Branco
   por R$ 4949,10 ’‘’_ vista (10% de desconto)      ou R$ 5499,00 em 12x de R$ 458,25 sem juros ;Smartphone Samsung Galaxy S10+ 128GB Azul 4G  - 8GB RAM Tela 6,4Î_’_Îù C’‘Î¢m. Tripla + Selfie Dupla - Galaxy S10+ - Magazine Luiza;   ;4949,1;True;10% de desconto; 12x ;458,25;"Galaxy S10+ 128GB Azul 4G- 8GB RAM Tela 6,4"" C‰m. Tripla + Selfie Dupla - Galaxy S10+ ";Samsung;128GB;Galaxy S10+;Azul
   por R$ 4949,10 ’‘’_ vista (10% de desconto)      ou R$ 5499,00 em 12x de R$ 458,25 sem juros ;Smartphone Samsung Galaxy S10+ 128GB Branco 4G - 8GB RAM Tela 6,4Î_’_Îù C’‘Î¢m. Tripla + Selfie Dupla - Galaxy S10+ - Magazine Luiza;   ;4949,1;True;10% de desconto; 12x ;458,25;"Galaxy S10+ 128GB Branco 4G - 8GB RAM Tela 6,4"" C‰m. Tripla + Selfie Dupla - Galaxy S10+ ";Samsung;128GB;Galaxy S10+;Branco
   por R$ 4499,10 ’‘’_ vista (10% de desconto)      ou R$ 4999,00 em 10x de R$ 499,90 sem juros ;Smartphone Samsung Galaxy S10 128GB Preto 4G - 8GB RAM Tela 6,1Î_’_Îù C’‘Î¢m. Tripla + Selfie 10MP - Galaxy S10 - Magazine Luiza;   ;4499,1;True;10% de desconto; 10x ;499,9;"Galaxy S10 128GB Preto 4G - 8GB RAM Tela 6,1"" C‰m. Tripla + Selfie 10MP - Galaxy S10 ";Samsung;128GB;Galaxy S10;Preto
   por R$ 3869,10 ’‘’_ vista (10% de desconto)      ou R$ 4299,00 em 10x de R$ 429,90 sem juros ;Smartphone Samsung Galaxy S10e 128GB Preto 4G  - 6GB RAM Tela 5,8Î_’_Îù C’‘Î¢m. Dupla + Selfie 10MP - Galaxy S10e - Magazine Luiza;   ;3869,1;True;10% de desconto; 10x ;429,9;"Galaxy S10e 128GB Preto 4G- 6GB RAM Tela 5,8"" C‰m. Dupla + Selfie 10MP - Galaxy S10e ";Samsung;128GB;Galaxy S10e;Preto
   por R$ 3869,10 ’‘’_ vista (10% de desconto)      ou R$ 4299,00 em 10x de R$ 429,90 sem juros ;Smartphone Samsung Galaxy S10e 128GB Azul 4G - 6GB RAM Tela 5,8Î_’_Îù C’‘Î¢m. Dupla + Selfie 10MP - Galaxy S10e - Magazine Luiza;   ;3869,1;True;10% de desconto; 10x ;429,9;"Galaxy S10e 128GB Azul 4G - 6GB RAM Tela 5,8"" C‰m. Dupla + Selfie 10MP - Galaxy S10e ";Samsung;128GB;Galaxy S10e;Azul
   por R$ 3869,10 ’‘’_ vista (10% de desconto)      ou R$ 4299,00 em 10x de R$ 429,90 sem juros ;Smartphone Samsung Galaxy S10e 128GB Amarelo 4G  - 6GB RAM Tela 5,8Î_’_Îù C’‘Î¢m. Dupla + Selfie 10MP - Galaxy S10e - Magazine Luiza;   ;3869,1;True;10% de desconto; 10x ;429,9;"Galaxy S10e 128GB Amarelo 4G- 6GB RAM Tela 5,8"" C‰m. Dupla + Selfie 10MP - Galaxy S10e ";Samsung;128GB;Galaxy S10e;Amarelo
 de R$ 4299,00   por R$ 2519,10 ’‘’_ vista (10% de desconto)      ou R$ 2799,00 em 10x de R$ 279,90 sem juros ;Smartphone Samsung Galaxy S9 128GB Preto 4G - C’‘Î¢m. 12MP + Selfie 8MP Tela 5.8Î_’_Îù Quad HD Octa Core - Galaxy S9 e S9+ - Magazine Luiza;4299;2519,1;True;10% de desconto; 10x ;279,9;"Galaxy S9 128GB Preto 4G - C‰m. 12MP + Selfie 8MP Tela 5.8"" Quad HD Octa Core - Galaxy S9 e S9+ ";Samsung;128GB;Galaxy S9;Preto
 de R$ 4299,00   por R$ 2519,10 ’‘’_ vista (10% de desconto)      ou R$ 2799,00 em 10x de R$ 279,90 sem juros ;Smartphone Samsung Galaxy S9 128GB Ultravioleta 4G - C’‘Î¢m. 12MP + Selfie 8MP Tela 5.8Î_’_Îù Quad HD Octa Core - Galaxy S9 e S9+ - Magazine Luiza;4299;2519,1;True;10% de desconto; 10x ;279,9;"Galaxy S9 128GB Ultravioleta 4G - C‰m. 12MP + Selfie 8MP Tela 5.8"" Quad HD Octa Core - Galaxy S9 e S9+ ";Samsung;128GB;Galaxy S9;Ultravioleta
 de R$ 4899,00   por R$ 2879,10 ’‘’_ vista (10% de desconto)      ou R$ 3199,00 em 10x de R$ 319,90 sem juros ;Smartphone Samsung Galaxy S9+ 128GB Ultravioleta - C’‘Î¢m. 12MP + Selfie 8MP Tela 6.2Î_’_Îù Quad HD Octa Core - Galaxy S9 e S9+ - Magazine Luiza;4899;2879,1;True;10% de desconto; 10x ;319,9;"Galaxy S9+ 128GB Ultravioleta - C‰m. 12MP + Selfie 8MP Tela 6.2"" Quad HD Octa Core - Galaxy S9 e S9+ ";Samsung;128GB;Galaxy S9+;Ultravioleta
 de R$ 4899,00   por R$ 2879,10 ’‘’_ vista (10% de desconto)      ou R$ 3199,00 em 10x de R$ 319,90 sem juros ;Smartphone Samsung Galaxy S9+ 128GB Cinza 4G - C’‘Î¢m. 12MP + Selfie 8MP Tela 6.2Î_’_Îù Quad HD Octa Core - Galaxy S9 e S9+ - Magazine Luiza;4899;2879,1;True;10% de desconto; 10x ;319,9;"Galaxy S9+ 128GB Cinza 4G - C‰m. 12MP + Selfie 8MP Tela 6.2"" Quad HD Octa Core - Galaxy S9 e S9+ ";Samsung;128GB;Galaxy S9+;Cinza Espacial
 de R$ 4899,00   por R$ 2879,10 ’‘’_ vista (10% de desconto)      ou R$ 3199,00 em 10x de R$ 319,90 sem juros ;Smartphone Samsung Galaxy S9+ 128GB Azul Dual Chip - 4G C’‘Î¢m. 12MP e 12MP + Selfie 8MP Tela 6,2Î_’_Îù - Galaxy S9 e S9+ - Magazine Luiza;4899;2879,1;True;10% de desconto; 10x ;319,9;"Galaxy S9+ 128GB Azul Dual Chip - 4G C‰m. 12MP e 12MP + Selfie 8MP Tela 6,2"" - Galaxy S9 e S9+ ";Samsung;128GB;Galaxy S9+;Azul
 de R$ 4299,00   por R$ 2519,10 ’‘’_ vista (10% de desconto)      ou R$ 2799,00 em 10x de R$ 279,90 sem juros ;Smartphone Samsung Galaxy S9 128GB Azul Dual Chip - 4G C’‘Î¢m. 12MP + Selfie 8MP Tela 5,8Î_’_Îù Quad HD+ - Galaxy S9 e S9+ - Magazine Luiza;4299;2519,1;True;10% de desconto; 10x ;279,9;"Galaxy S9 128GB Azul Dual Chip - 4G C‰m. 12MP + Selfie 8MP Tela 5,8"" Quad HD+ - Galaxy S9 e S9+ ";Samsung;128GB;Galaxy S9;Azul
 de R$ 4399,00   por R$ 2825,91 ’‘’_ vista (10% de desconto)      ou R$ 3139,90 em 10x de R$ 313,99 sem juros ;Smartphone Samsung Galaxy S8+ 64GB Preto Dual Chip - 4G C’‘Î¢m. 12MP + Selfie 8MP Tela 6.2Î_’_Îù Quad HD - Galaxy S8 e S8+ - Magazine Luiza;4399;2825,91;True;10% de desconto; 10x ;313,99;"Galaxy S8+ 64GB Preto Dual Chip - 4G C‰m. 12MP + Selfie 8MP Tela 6.2"" Quad HD - Galaxy S8 e S8+ ";Samsung;64GB;Galaxy S8+;Preto
 de R$ 4399,00   por R$ 3509,91 ’‘’_ vista (10% de desconto)      ou R$ 3899,90 em 10x de R$ 389,99 sem juros ;Smartphone Samsung Galaxy S8+ 64GB Ametista - Dual Chip 4G C’‘Î¢m. 12MP + Selfie 8MP Tela 6.2Î_’_Îù - Galaxy S8 e S8+ - Magazine Luiza;4399;3509,91;True;10% de desconto; 10x ;389,99;"Galaxy S8+ 64GB Ametista - Dual Chip 4G C‰m. 12MP + Selfie 8MP Tela 6.2"" - Galaxy S8 e S8+ ";Samsung;64GB;Galaxy S8+;Ametista
 de R$ 4399,00   por R$ 3194,91 ’‘’_ vista (10% de desconto)      ou R$ 3549,90 em 10x de R$ 354,99 sem juros ;Smartphone Samsung Galaxy S8+ 64GB Prata Dual Chip - 4G C’‘Î¢m. 12MP + Selfie 8MP Tela 6.2Î_’_Îù Quad HD - Galaxy S8 e S8+ - Magazine Luiza;4399;3194,91;True;10% de desconto; 10x ;354,99;"Galaxy S8+ 64GB Prata Dual Chip - 4G C‰m. 12MP + Selfie 8MP Tela 6.2"" Quad HD - Galaxy S8 e S8+ ";Samsung;64GB;Galaxy S8+;Prata
 de R$ 1499,00   por R$ 1299,00      em 10x de R$ 129,90 sem juros ;Smartphone redmi mi a2 4ram 32gb lte dual global dourado - Xiaomi - Magazine Luiza;1499;1299;False;; 10x ;129,9;mi a2 4ram 32gb lte dual global dourado - Xiaomi ;Xiaomi;32GB;MI A2;Dourado
 de R$ 1499,90   por R$ 1249,90      em 10x de R$ 124,99 sem juros ;Celular SmartPhone Redmi Note 6 Pro 64gb Original Novo - Xiaomi - Magazine Luiza;1499,9;1249,9;False;; 10x ;124,99; SmartPhone Redmi Note 6 Pro 64gb Original Novo - Xiaomi ;Xiaomi;64GB;Redmi Note 6 Pro;
 de R$ 1499,90   por R$ 1199,90      em 10x de R$ 119,99 sem juros ;Smartphone xiaomi redmi mi a2 32gb dual 4g lte preto - Xiaomi - Magazine Luiza;1499,9;1199,9;False;; 10x ;119,99;redmi mi a2 32gb dual 4g lte preto - Xiaomi ;Xiaomi;32GB;Mi A2;Preto
 de R$ 899,90   por R$ 799,90      em 10x de R$ 79,99 sem juros ;Smartphone xiaomi redmi 6a 32gb dual 4g lte preto - Xiaomi - Magazine Luiza;899,9;799,9;False;; 10x ;79,99;redmi 6a 32gb dual 4g lte preto - Xiaomi ;Xiaomi;32GB;Redmi 6A;Preto
 de R$ 899,90   por R$ 799,90      em 10x de R$ 79,99 sem juros ;Smartphone xiaomi redmi 6a 32gb dual 4g lte dourado - Xiaomi - Magazine Luiza;899,9;799,9;False;; 10x ;79,99;redmi 6a 32gb dual 4g lte dourado - Xiaomi ;Xiaomi;32GB;Redmi 6A;Dourado
 de R$ 899,90   por R$ 699,90      em 10x de R$ 69,99 sem juros ;Smartphone xiaomi redmi 6a 16gb dual 4g lte dourado - Xiaomi - Magazine Luiza;899,9;699,9;False;; 10x ;69,99;redmi 6a 16gb dual 4g lte dourado - Xiaomi ;Xiaomi;16GB;Redmi 6A;Dourado
 de R$ 899,90   por R$ 699,90      em 10x de R$ 69,99 sem juros ;Smartphone xiaomi redmi 6a 16gb dual 4g lte preto - Xiaomi - Magazine Luiza;899,9;699,9;False;; 10x ;69,99;redmi 6a 16gb dual 4g lte preto - Xiaomi ;Xiaomi;16GB;Redmi 6A;Preto
   por R$ 749,00      em 10x de R$ 74,90 sem juros ;Smartphone Xiaomi Redmi 6 preto, Tela 5,45‰Ûù, 3GB Ram, 32GB, CÌ¢mera 12MP/5MP, Dual Sim - Marca - Xiaomi - Magazine Luiza;   ;749;False;; 10x ;74,9;Redmi 6 preto, Tela 5,45‰Ûù, 3GB Ram, 32GB, CÌ¢mera 12MP/5MP, Dual Sim - Marca -;Xiaomi;32GB;Redmi 6A;Preto
 de R$ 1299,90   por R$ 1049,90      em 10x de R$ 104,99 sem juros ;Smartphone redmi 7 64gb snapdragon 632 2gb 12mp+2mp selfie 8mp ram preto - Xiaomi - Magazine Luiza;1299,9;1049,9;False;; 10x ;104,99;7 64gb snapdragon 632 2gb 12mp+2mp selfie 8mp ram preto - Xiaomi ;Xiaomi;64GB;Redmi 7;Preto
 de R$ 1499,90   por R$ 1399,90      em 10x de R$ 139,99 sem juros ;Smartphone celular redmi mi 8 lite 64gb dual 4g lte preto - Xiaomi - Magazine Luiza;1499,9;1399,9;False;; 10x ;139,99;redmi mi 8 lite 64gb dual 4g lte preto - Xiaomi ;Xiaomi;64GB;Mi 8 Lite;Preto
 de R$ 1699,90   por R$ 1499,90      em 10x de R$ 149,99 sem juros ;Smartphone celular redmi mi 8 light 64gb dual 4g lte azul - Xiaomi - Magazine Luiza;1699,9;1499,9;False;; 10x ;149,99;redmi mi 8 light 64gb dual 4g lte azul - Xiaomi ;Xiaomi;64GB;Mi 8 Light;Azul
   por R$ 1049,00      em 10x de R$ 104,90 sem juros ;Smartphone redmi mi play 4ram 64gb tela 5.84‰Ûù lte dual global azul - Xiaomi - Magazine Luiza;   ;1049;False;; 10x ;104,9;mi play 4ram 64gb tela 5.84‰Ûù lte dual global azul - Xiaomi ;Xiaomi;64GB;Mi Play;Azul
 de R$ 1299,00   por R$ 1199,00      em 10x de R$ 119,90 sem juros ;Smartphone redmi mi a2 lite 4ram 64gb tela 5.84‰Ûù lte dual global azul - Xiaomi - Magazine Luiza;1299;1199;False;; 10x ;119,9;mi a2 lite 4ram 64gb tela 5.84‰Ûù lte dual global azul - Xiaomi ;Xiaomi;64GB;MI A2 Lite;Azul
 de R$ 1699,00   por R$ 1099,00      em 10x de R$ 109,90 sem juros ;Smartphone redmi mi a2 4ram 64gb lte dual global preto - Xiaomi - Magazine Luiza;1699;1099;False;; 10x ;109,9;mi a2 4ram 64gb lte dual global preto - Xiaomi ;Xiaomi;64GB;MI A2;Preto
 de R$ 2399,00   por R$ 2299,00      em 10x de R$ 229,90 sem juros ;Smartphone redmi pocophone f1 6ram 128gb lte dual global azul - Xiaomi - Magazine Luiza;2399;2299;False;; 10x ;229,9;pocophone f1 6ram 128gb lte dual global azul - Xiaomi ;Xiaomi;128GB;Redmi Pocophone F1;Azul
   por R$ 2599,90      em 10x de R$ 259,99 sem juros ;Smartphone redmi pocophone f1 128gb dual 4g lte preto - Xiaomi - Magazine Luiza;   ;2599,9;False;; 10x ;259,99;pocophone f1 128gb dual 4g lte preto - Xiaomi ;Xiaomi;128GB;Redmi Pocophone F1;Preto
   por R$ 2199,90      em 10x de R$ 219,99 sem juros ;Smartphone celular redmi pocophone f1 64gb dual 4g lte preto - Xiaomi - Magazine Luiza;   ;2199,9;False;; 10x ;219,99;redmi pocophone f1 64gb dual 4g lte preto - Xiaomi ;Xiaomi;128GB;Redmi Pocophone F1;Preto
   por R$ 2599,00      em 10x de R$ 259,90 sem juros ;Smartphone celular redmi pocophone f1 128gb dual 4g lte azul - Xiaomi - Magazine Luiza;   ;2599;False;; 10x ;259,9;redmi pocophone f1 128gb dual 4g lte azul - Xiaomi ;Xiaomi;64GB;Redmi Pocophone F1;Azul
   por R$ 3699,90      em 10x de R$ 369,99 sem juros ;Smartphone celular redmi mi 8 pro 128gb transparente dual 4g lte titan - Xiaomi - Magazine Luiza;   ;3699,9;False;; 10x ;369,99;redmi mi 8 pro 128gb transparente dual 4g lte titan - Xiaomi ;Xiaomi;128GB;Mi 8 Pro;Transparente
 de R$ 1899,90   por R$ 1499,90      em 10x de R$ 149,99 sem juros ;Smartphone redmi mi max 3 64gb dual 4g lte preto - Xiaomi - Magazine Luiza;1899,9;1499,9;False;; 10x ;149,99;mi max 3 64gb dual 4g lte preto - Xiaomi ;Xiaomi;64GB;Mi Max 3;Preto