price;price_parcela;em_1x_no_cartao_de_credito;title;a_vista_price;desconto_a_vista;porcentagem_desconto_a_vista;qtd_de_parcelas;valor_parcelas;a_vista_ame;qtd_de_parcelas_ame;valor_parcelas_ame;receber_de_volta_ame;numero_parcelas_em_1x_no_cartao_ou_cartao_americanas;valor_parcelas_em_1x_no_cartao_ou_cartao_americanas;manufacturer
R$ 2098,99Selo PrimeEsta í© uma oferta prime10x de R$ 209,89 s/ juros;R$ 2098,99 em atí© 12x de R$ 174,91 s/ juros com Ame e receba R$ 104,95 (5% de volta) R$ 1889,09 em 1x no cartí£o de crí©dito (10% de desconto)R$ 1889,09 no cartí£o Americanascom em atí© 12x de R$ 157,42 s/ juros (10% de desconto)formas de parcelamento;1889,09;"iPhone 6s 32GB RosíÈ Tela Retina HD 4,7"" 3D Touch Cí¢mera 12MP - Apple nas Lojas Americanas.com";2098,99;False;0;10x;209,89;2098,99;12x;174,91;104,95;12x;157,42;Apple
R$ 1989,0010x de R$ 198,90 s/ juros;R$ 1989,00 em atí© 12x de R$ 165,75 s/ juros com Ame e receba R$ 298,35 (15% de volta) R$ 1790,10 em 1x no cartí£o Americanascom (10% de desconto) ou R$ 1989,00 em atí© 12x de R$ 165,75 s/ jurosformas de parcelamento;0;"Iphone 6 32GB Dourado, Tela 4.7"" IOS 8, Cí¢mera 8MP, 4G Processador 1.4 Ghz Dual Core - Apple nas Lojas Americanas.com";1989;False;0;10x;198,9;1989;12x;165,75;298,35;12x;165,75;Apple
R$ 2098,99Selo PrimeEsta í© uma oferta prime10x de R$ 209,89 s/ juros;R$ 2098,99 em atí© 12x de R$ 174,91 s/ juros com Ame e receba R$ 104,95 (5% de volta) R$ 1889,09 em 1x no cartí£o de crí©dito (10% de desconto)R$ 1889,09 no cartí£o Americanascom em atí© 12x de R$ 157,42 s/ juros (10% de desconto)formas de parcelamento;1889,09;"iPhone 6s 32GB Cinza Tela Retina HD 4,7"" 3D Touch Cí¢mera 12MP - Apple nas Lojas Americanas.com";2098,99;False;0;10x;209,89;2098,99;12x;174,91;104,95;12x;157,42;Apple
R$ 2748,99 (10% de desconto)R$ 2474,09Selo PrimeEsta í© uma oferta primeem 1x no cartí£o;R$ 2748,99 em atí© 12x de R$ 229,08 s/ juros com Ame e receba R$ 137,45 (5% de volta) R$ 2748,99 no boleto bancíçrioR$ 2748,99 no cartí£o de crí©dito em atí© 10x de R$ 274,89 s/ jurosR$ 2474,09 no cartí£o Americanascom em atí© 12x de R$ 206,17 s/ juros (10% de desconto)formas de parcelamento;0;iPhone 7 32GB Ouro Rosa Desbloqueado IOS 10 Wi-fi + 4G Cí¢mera 12MP - Apple nas Lojas Americanas.com;2748,99;True;10;0;0;2748,99;12x;229,08;137,45;12x;274,89;Apple
R$ 3199,00 (10% de desconto)R$ 2879,10Selo PrimeEsta í© uma oferta primeem 1x no cartí£o;R$ 3199,00 em atí© 12x de R$ 266,58 s/ juros com Ame e receba R$ 159,95 (5% de volta) R$ 3199,00 no boleto bancíçrioR$ 3199,00 no cartí£o de crí©dito em atí© 10x de R$ 319,90 s/ jurosR$ 2879,10 no cartí£o Americanascom em atí© 12x de R$ 239,92 s/ juros (10% de desconto)formas de parcelamento;0;"iPhone 7 Plus 32GB Ouro Rosa Tela Retina HD 5,5"" 3D Touch Cí¢mera Dupla de 12MP - Apple nas Lojas Americanas.com";3199;True;10;0;0;3199;12x;266,58;159,95;12x;319,9;Apple
R$ 3379,00Selo PrimeEsta í© uma oferta prime10x de R$ 337,90 s/ juros;R$ 3379,00 em atí© 12x de R$ 281,58 s/ juros com Ame e receba R$ 168,95 (5% de volta) R$ 3041,10 em 1x no cartí£o de crí©dito (10% de desconto)R$ 3041,10 no cartí£o Americanascom em atí© 12x de R$ 253,42 s/ juros (10% de desconto)formas de parcelamento;3041,1;"iPhone 8 64GB Dourado Tela 4.7"" IOS 4G Cí¢mera 12MP - Apple nas Lojas Americanas.com";3379;False;0;10x;337,9;3379;12x;281,58;168,95;12x;253,42;Apple
R$ 3499,00 (10% de desconto)R$ 3149,10Selo PrimeEsta í© uma oferta primeem 1x no cartí£o;R$ 3499,00 em atí© 12x de R$ 291,58 s/ juros com Ame e receba R$ 174,95 (5% de volta) R$ 3499,00 no boleto bancíçrioR$ 3499,00 no cartí£o de crí©dito em atí© 10x de R$ 349,90 s/ jurosR$ 3149,10 no cartí£o Americanascom em atí© 12x de R$ 262,42 s/ juros (10% de desconto)formas de parcelamento;0;"iPhone 8 64GB Cinza Espacial Tela 4.7"" IOS 4G Cí¢mera 12MP - Apple nas Lojas Americanas.com";3499;True;10;0;0;3499;12x;291,58;174,95;12x;349,9;Apple
R$ 2776,76 (10% de desconto)R$ 2499,08Selo PrimeEsta í© uma oferta primeem 1x no cartí£o;R$ 2776,76 em atí© 12x de R$ 231,39 s/ juros com Ame e receba R$ 138,84 (5% de volta) R$ 2776,76 no boleto bancíçrioR$ 2776,76 no cartí£o de crí©dito em atí© 10x de R$ 277,67 s/ jurosR$ 2499,08 no cartí£o Americanascom em atí© 12x de R$ 208,25 s/ juros (10% de desconto)formas de parcelamento;0;iPhone 7 32GB Preto Matte Desbloqueado IOS 10 Wi-fi + 4G Cí¢mera 12MP - Apple nas Lojas Americanas.com;2776,76;True;10;0;0;2776,76;12x;231,39;138,84;12x;277,67;Apple
R$ 2110,00 (10% de desconto)R$ 1899,00Selo PrimeEsta í© uma oferta primeem 1x no cartí£o;R$ 2110,00 em atí© 12x de R$ 175,83 s/ juros com Ame e receba R$ 105,50 (5% de volta) R$ 2110,00 no boleto bancíçrioR$ 2110,00 no cartí£o de crí©dito em atí© 10x de R$ 211,00 s/ jurosR$ 1899,00 no cartí£o Americanascom em atí© 12x de R$ 158,25 s/ juros (10% de desconto)formas de parcelamento;0;"iPhone 6s 32GB Prata Tela Retina HD 4,7"" 3D Touch Cí¢mera 12MP - Apple nas Lojas Americanas.com";2110;True;10;0;0;2110;12x;175,83;105,5;12x;211;Apple
R$ 1914,99Selo PrimeEsta í© uma oferta prime10x de R$ 191,49 s/ juros;R$ 1914,99 em atí© 12x de R$ 159,58 s/ juros com Ame e receba R$ 95,75 (5% de volta) R$ 1723,49 em 1x no cartí£o Americanascom (10% de desconto) ou R$ 1914,99 em atí© 12x de R$ 159,58 s/ jurosformas de parcelamento;0;"iPhone 6 32gb Cinza Espacial, tela 4.7"" IOS 10, Camera 8MP, 4G Processador A8 1.4 GHz Dual Core - Apple nas Lojas Americanas.com";1914,99;False;0;10x;191,49;1914,99;12x;159,58;95,75;12x;159,58;Apple
R$ 2098,99 (10% de desconto)R$ 1889,09Selo PrimeEsta í© uma oferta primeem 1x no cartí£o;R$ 2098,99 em atí© 12x de R$ 174,91 s/ juros com Ame e receba R$ 104,95 (5% de volta) R$ 2098,99 no boleto bancíçrioR$ 2098,99 no cartí£o de crí©dito em atí© 10x de R$ 209,89 s/ jurosR$ 1889,09 no cartí£o Americanascom em atí© 12x de R$ 157,42 s/ juros (10% de desconto)formas de parcelamento;0;"iPhone 6S 32GB Dourado Tela 4,7"" IOS 4G Cí¢mera 12MP - Apple nas Lojas Americanas.com";2098,99;True;10;0;0;2098,99;12x;174,91;104,95;12x;209,89;Apple
R$ 3199,00Selo PrimeEsta í© uma oferta prime10x de R$ 319,90 s/ juros;R$ 3199,00 em atí© 12x de R$ 266,58 s/ juros com Ame e receba R$ 159,95 (5% de volta) R$ 2879,10 em 1x no cartí£o de crí©dito (10% de desconto)R$ 2879,10 no cartí£o Americanascom em atí© 12x de R$ 239,92 s/ juros (10% de desconto)formas de parcelamento;2879,1;"iPhone 7 Plus 32GB Preto Matte Tela Retina HD 5,5"" 3D Touch Cí¢mera Dupla de 12MP - Apple nas Lojas Americanas.com";3199;False;0;10x;319,9;3199;12x;266,58;159,95;12x;239,92;Apple
R$ 3499,00Selo PrimeEsta í© uma oferta prime10x de R$ 349,90 s/ juros;R$ 3499,00 em atí© 12x de R$ 291,58 s/ juros com Ame e receba R$ 174,95 (5% de volta) R$ 3149,10 em 1x no cartí£o de crí©dito (10% de desconto)R$ 3149,10 no cartí£o Americanascom em atí© 12x de R$ 262,42 s/ juros (10% de desconto)formas de parcelamento;3149,1;"iPhone 8 64GB Prata Tela 4.7"" IOS 4G Cí¢mera 12MP - Apple nas Lojas Americanas.com";3499;False;0;10x;349,9;3499;12x;291,58;174,95;12x;262,42;Apple
R$ 3665,56Selo PrimeEsta í© uma oferta prime10x de R$ 366,55 s/ juros;R$ 3665,56 em atí© 12x de R$ 305,46 s/ juros com Ame e receba R$ 183,28 (5% de volta) R$ 3299,00 em 1x no cartí£o de crí©dito (10% de desconto)R$ 3299,00 no cartí£o Americanascom em atí© 12x de R$ 274,91 s/ juros (10% de desconto)formas de parcelamento;3299;"iPhone 7 Plus 128GB Preto Matte Tela Retina HD 5,5"" 3D Touch Cí¢mera Dupla de 12MP - Apple nas Lojas Americanas.com";3665,56;False;0;10x;366,55;3665,56;12x;305,46;183,28;12x;274,91;Apple
R$ 2589,0010x de R$ 258,90 s/ juros;R$ 2589,00 em atí© 12x de R$ 215,75 s/ juros com Ame e receba R$ 129,45 (5% de volta) R$ 2330,10 em 1x no cartí£o Americanascom (10% de desconto) ou R$ 2589,00 em atí© 12x de R$ 215,75 s/ jurosformas de parcelamento;0;Usado: Iphone 7 Plus 128gb Preto Matte nas Lojas Americanas.com;2589;False;0;10x;258,9;2589;12x;215,75;129,45;12x;215,75;Apple
R$ 6200,0010x de R$ 620,00 s/ juros;R$ 6200,00 em atí© 12x de R$ 516,66 s/ juros com Ame e receba R$ 310,00 (5% de volta) R$ 5580,00 em 1x no cartí£o Americanascom (10% de desconto) ou R$ 6200,00 em atí© 12x de R$ 516,66 s/ jurosformas de parcelamento;0;"iPhone X Cinza Espacial 64GB Tela 5.8"" IOS 11 4G Wi-Fi Cí¢mera 12MP - Apple nas Lojas Americanas.com";6200;False;0;10x;620;6200;12x;516,66;310;12x;516,66;Apple
R$ 4499,00 (7% de desconto)R$ 4169,0010x de R$ 416,90 s/ juros;R$ 4169,00 em atí© 12x de R$ 347,41 s/ juros com Ame e receba R$ 208,45 (5% de volta) R$ 3752,10 em 1x no cartí£o Americanascom (10% de desconto) ou R$ 4169,00 em atí© 12x de R$ 347,41 s/ jurosformas de parcelamento;0;Usado: Iphone X Apple 256gb Cinza nas Lojas Americanas.com;4499;True;7;10x;416,9;4169;12x;347,41;208,45;12x;347,41;Apple
R$ 4999,9010x de R$ 499,99 s/ juros;R$ 4999,90 em atí© 12x de R$ 416,65 s/ juros com Ame e receba R$ 250,00 (5% de volta) R$ 4499,91 em 1x no cartí£o Americanascom (10% de desconto) ou R$ 4999,90 em atí© 12x de R$ 416,65 s/ jurosformas de parcelamento;0;"iPhone X Prata 64GB Tela 5.8"" IOS 11 4G Wi-Fi Cí¢mera 12MP - Apple nas Lojas Americanas.com";4999,9;False;0;10x;499,99;4999,9;12x;416,65;250;12x;416,65;Apple
R$ 2776,76Selo PrimeEsta í© uma oferta prime10x de R$ 277,67 s/ juros;R$ 2776,76 em atí© 12x de R$ 231,39 s/ juros com Ame e receba R$ 138,84 (5% de volta) R$ 2499,08 em 1x no cartí£o de crí©dito (10% de desconto)R$ 2499,08 no cartí£o Americanascom em atí© 12x de R$ 208,25 s/ juros (10% de desconto)formas de parcelamento;2499,08;iPhone 7 32GB Dourado Desbloqueado IOS 10 Wi-fi + 4G Cí¢mera 12MP - Apple nas Lojas Americanas.com;2776,76;False;0;10x;277,67;2776,76;12x;231,39;138,84;12x;208,25;Apple
R$ 3665,56Selo PrimeEsta í© uma oferta prime10x de R$ 366,55 s/ juros;R$ 3665,56 em atí© 12x de R$ 305,46 s/ juros com Ame e receba R$ 183,28 (5% de volta) R$ 3299,00 em 1x no cartí£o de crí©dito (10% de desconto)R$ 3299,00 no cartí£o Americanascom em atí© 12x de R$ 274,91 s/ juros (10% de desconto)formas de parcelamento;3299;"iPhone 7 Plus 128GB Ouro Rosa Tela Retina HD 5,5"" 3D Touch Cí¢mera Dupla de 12MP - Apple nas Lojas Americanas.com";3665,56;False;0;10x;366,55;3665,56;12x;305,46;183,28;12x;274,91;Apple
R$ 2699,0010x de R$ 269,90 s/ juros;R$ 2699,00 em atí© 12x de R$ 224,91 s/ juros com Ame e receba R$ 404,85 (15% de volta) R$ 2429,10 em 1x no cartí£o Americanascom (10% de desconto) ou R$ 2699,00 em atí© 12x de R$ 224,91 s/ jurosformas de parcelamento;0;Usado:iphone 7 Plus Apple 128gb Preto Matte nas Lojas Americanas.com;2699;False;0;10x;269,9;2699;12x;224,91;404,85;12x;224,91;Apple
R$ 940,00Selo PrimeEsta í© uma oferta prime10x de R$ 94,00 s/ juros;R$ 940,00 em atí© 12x de R$ 78,33 s/ juros com Ame e receba R$ 141,00 (15% de volta) R$ 846,00 em 1x no cartí£o de crí©dito (10% de desconto)R$ 799,00 no cartí£o Americanascom em atí© 12x de R$ 66,58 s/ juros (15% de desconto)formas de parcelamento;846;"Smartphone Motorola Moto G7 Play 32GB Dual Chip Android Pie - 9.0 Tela 5.7"" 1.8 GHz Octa-Core 4G Cí¢mera 13MP - Indigo nas Lojas Americanas.com";940;False;0;10x;94;940;12x;78,33;141;12x;66,58;Motorola
R$ 1199,00Selo PrimeEsta í© uma oferta prime10x de R$ 119,90 s/ juros;R$ 1199,00 em atí© 12x de R$ 99,91 s/ juros com Ame e receba R$ 59,95 (5% de volta) R$ 1079,10 em 1x no cartí£o de crí©dito (10% de desconto)R$ 1079,10 no cartí£o Americanascom em atí© 12x de R$ 89,92 s/ juros (10% de desconto)formas de parcelamento;1079,1;"Smartphone Motorola Moto G7 Power 32GB Dual Chip Android Pie - 9.0 Tela 6.2"" 1.8 GHz Octa-Core 4G Cí¢mera 12MP - Azul Navy nas Lojas Americanas.com";1199;False;0;10x;119,9;1199;12x;99,91;59,95;12x;89,92;Motorola
R$ 1599,0010x de R$ 159,90 s/ juros;R$ 1599,00 em atí© 12x de R$ 133,25 s/ juros com Ame e receba R$ 79,95 (5% de volta) R$ 1439,10 em 1x no cartí£o Americanascom (10% de desconto) ou R$ 1599,00 em atí© 12x de R$ 133,25 s/ jurosformas de parcelamento;0;"Smartphone Motorola Moto G7 Plus 64GB Dual Chip Android Pie - 9.0 Tela 6.3"" 1.8 GHz Octa-Core 4G Cí¢mera 16MP F1.7 + 5MP F1.9 (Dual Cam) - Indigo nas Lojas Americanas.com";1599;False;0;10x;159,9;1599;12x;133,25;79,95;12x;133,25;Motorola
R$ 1843,33Selo PrimeEsta í© uma oferta prime10x de R$ 184,33 s/ juros;R$ 1843,33 em atí© 12x de R$ 153,61 s/ juros com Ame e receba R$ 92,17 (5% de volta) R$ 1658,99 em 1x no cartí£o de crí©dito (10% de desconto)R$ 1658,99 no cartí£o Americanascom em atí© 12x de R$ 138,24 s/ juros (10% de desconto)formas de parcelamento;1658,99;"Smartphone Motorola Moto G7 Plus 64GB Dual Chip Android Pie - 9.0 Tela 6.3"" 1.8 GHz Octa-Core 4G Cí¢mera 16MP F1.7 + 5MP F1.9 (Dual Cam) - Rubi nas Lojas Americanas.com";1843,33;False;0;10x;184,33;1843,33;12x;153,61;92,17;12x;138,24;Motorola
R$ 887,78Selo PrimeEsta í© uma oferta prime10x de R$ 88,77 s/ juros;R$ 887,78 em atí© 12x de R$ 73,98 s/ juros com Ame e receba R$ 133,17 (15% de volta) R$ 799,00 em 1x no cartí£o de crí©dito (10% de desconto)R$ 754,61 no cartí£o Americanascom em atí© 12x de R$ 62,88 s/ juros (15% de desconto)formas de parcelamento;799;"Smartphone Motorola Moto G6 Play Dual Chip Android Oreo - 8.0 Tela 5.7"" Octa-Core 1.4 GHz 32GB 4G Cí¢mera 13MP - íçndigo nas Lojas Americanas.com";887,78;False;0;10x;88,77;887,78;12x;73,98;133,17;12x;62,88;Motorola
R$ 887,78 (10% de desconto)R$ 799,00Selo PrimeEsta í© uma oferta primeem 1x no cartí£o;R$ 887,78 em atí© 12x de R$ 73,98 s/ juros com Ame e receba R$ 133,17 (15% de volta) R$ 887,78 no boleto bancíçrioR$ 887,78 no cartí£o de crí©dito em atí© 10x de R$ 88,77 s/ jurosR$ 754,61 no cartí£o Americanascom em atí© 12x de R$ 62,88 s/ juros (15% de desconto)formas de parcelamento;0;"Smartphone Motorola Moto G6 Play Dual Chip Android Oreo - 8.0 Tela 5.7"" Octa-Core 1.4 GHz 32GB 4G Cí¢mera 13MP - Ouro nas Lojas Americanas.com";887,78;True;10;0;0;887,78;12x;73,98;133,17;12x;88,77;Motorola
R$ 1199,00Selo PrimeEsta í© uma oferta prime10x de R$ 119,90 s/ juros;R$ 1199,00 em atí© 12x de R$ 99,91 s/ juros com Ame e receba R$ 59,95 (5% de volta) R$ 1079,10 em 1x no cartí£o de crí©dito (10% de desconto)R$ 1019,15 no cartí£o Americanascom em atí© 12x de R$ 84,92 s/ juros (15% de desconto)formas de parcelamento;1079,1;"Smartphone Motorola Moto G6 Dual Chip Android Oreo - 8.0 Tela 5.7"" Octa-Core 1.8 GHz 64GB 4G Cí¢mera 12 + 5MP (Dual Traseira) - Ouro Rose nas Lojas Americanas.com";1199;False;0;10x;119,9;1199;12x;99,91;59,95;12x;84,92;Motorola
R$ 1148,00Selo PrimeEsta í© uma oferta prime10x de R$ 114,80 s/ juros;R$ 1148,00 em atí© 12x de R$ 95,66 s/ juros com Ame e receba R$ 172,20 (15% de volta) R$ 1033,20 em 1x no cartí£o Americanascom (10% de desconto) ou R$ 1148,00 em atí© 12x de R$ 95,66 s/ jurosformas de parcelamento;0;"Smartphone Motorola Moto G6 64GB Dual Chip Android Oreo - 8.0 Tela 5.7"" Octa-Core 1.8 GHz 4G Cí¢mera 12 + 5MP (Dual Traseira) - Preto nas Lojas Americanas.com";1148;False;0;10x;114,8;1148;12x;95,66;172,2;12x;95,66;Motorola
R$ 1479,90 (5% de desconto)R$ 1405,90no boleto ou em 1x no cartí£o;R$ 1479,90 em atí© 12x de R$ 123,32 s/ juros com Ame e receba R$ 221,99 (15% de volta) R$ 1479,90 no cartí£o de crí©dito em atí© 10x de R$ 147,99 s/ jurosR$ 1331,91 em 1x no cartí£o Americanascom (10% de desconto) ou R$ 1479,90 em atí© 12x de R$ 123,32 s/ jurosformas de parcelamento;0;"Smartphone Motorola Moto G6 Plus 64GB Dual Chip Android Oreo - 8.0 Tela 5.9"" Octa-Core 2.2 GHz 4G Cí¢mera 12 + 5MP (Dual Traseira) - Azul Topíçzio nas Lojas Americanas.com";1479,9;True;5;0;0;1479,9;12x;123,32;221,99;12x;147,99;Motorola
R$ 1499,00 (10% de desconto)R$ 1349,10Selo PrimeEsta í© uma oferta primeem 1x no cartí£o;R$ 1499,00 em atí© 12x de R$ 124,91 s/ juros com Ame e receba R$ 224,85 (15% de volta) R$ 1499,00 no boleto bancíçrioR$ 1499,00 no cartí£o de crí©dito em atí© 10x de R$ 149,90 s/ jurosR$ 1274,15 no cartí£o Americanascom em atí© 12x de R$ 106,17 s/ juros (15% de desconto)formas de parcelamento;0;"Smartphone Motorola Moto G6 Plus Dual Chip Android Oreo - 8.0 Tela 5.9"" Octa-Core 2.2 GHz 64GB 4G Cí¢mera 12 + 5MP (Dual Traseira) - íçndigo nas Lojas Americanas.com";1499;True;10;0;0;1499;12x;124,91;224,85;12x;149,9;Motorola
R$ 940,00Selo PrimeEsta í© uma oferta prime10x de R$ 94,00 s/ juros;R$ 940,00 em atí© 12x de R$ 78,33 s/ juros com Ame e receba R$ 141,00 (15% de volta) R$ 846,00 em 1x no cartí£o de crí©dito (10% de desconto)R$ 799,00 no cartí£o Americanascom em atí© 12x de R$ 66,58 s/ juros (15% de desconto)formas de parcelamento;846;"Smartphone Motorola Moto G7 Play 32GB Dual Chip Android Pie - 9.0 Tela 5.7"" 1.8 GHz Octa-Core 4G Cí¢mera 13MP - Ouro nas Lojas Americanas.com";940;False;0;10x;94;940;12x;78,33;141;12x;66,58;Motorola
R$ 1499,0010x de R$ 149,90 s/ juros;R$ 1499,00 em atí© 12x de R$ 124,91 s/ juros com Ame e receba R$ 224,85 (15% de volta) R$ 1499,00 no cartí£o Americanascom em atí© 12x de R$ 124,91 s/ jurosformas de parcelamento;0;"Smartphone Motorola One 64GB Dual Chip Android Oreo 8.1 Tela 5.9"" 2.0 GHz Octa-Core Qualcomm 4G Cí¢mera 13 + 2MP (Dual Traseira) - Branco nas Lojas Americanas.com";1499;False;0;10x;149,9;1499;12x;124,91;224,85;12x;124,91;Motorola
R$ 3409,00 (4% de desconto)R$ 3259,0010x de R$ 325,90 s/ juros;R$ 3259,00 em atí© 12x de R$ 271,58 s/ juros com Ame e receba R$ 162,95 (5% de volta) R$ 2933,10 em 1x no cartí£o Americanascom (10% de desconto) ou R$ 3259,00 em atí© 12x de R$ 271,58 s/ jurosformas de parcelamento;0;Iphone 8 Apple 256gb Dourado Seminovo nas Lojas Americanas.com;3409;True;4;10x;325,9;3259;12x;271,58;162,95;12x;271,58;Apple
R$ 1099,00 (10% de desconto)R$ 989,10Selo PrimeEsta í© uma oferta primeem 1x no cartí£o;R$ 1099,00 em atí© 12x de R$ 91,58 s/ juros com Ame e receba R$ 164,85 (15% de volta) R$ 1099,00 no boleto bancíçrioR$ 1099,00 no cartí£o de crí©dito em atí© 10x de R$ 109,90 s/ jurosR$ 934,15 no cartí£o Americanascom em atí© 12x de R$ 77,84 s/ juros (15% de desconto)formas de parcelamento;0;"Smartphone Motorola Moto G6 32GB Dual Chip Android Oreo - 8.0 Tela 5.7"" Octa-Core 1.8 GHz 4G Cí¢mera 12 + 5MP (Dual Traseira) - íçndigo nas Lojas Americanas.com";1099;True;10;0;0;1099;12x;91,58;164,85;12x;109,9;Motorola
R$ 1299,00 (10% de desconto)R$ 1169,10Selo PrimeEsta í© uma oferta primeem 1x no cartí£o;R$ 1299,00 em atí© 12x de R$ 108,25 s/ juros com Ame e receba R$ 64,95 (5% de volta) R$ 1299,00 no boleto bancíçrioR$ 1299,00 no cartí£o de crí©dito em atí© 10x de R$ 129,90 s/ jurosR$ 1169,10 no cartí£o Americanascom em atí© 12x de R$ 97,42 s/ juros (10% de desconto)formas de parcelamento;0;"Smartphone Motorola One 64GB Dual Chip Android Oreo 8.1 Tela 5.9"" 2.0 GHz Octa-Core Qualcomm 4G Cí¢mera 13 + 2MP (Dual Traseira) - Preto nas Lojas Americanas.com";1299;True;10;0;0;1299;12x;108,25;64,95;12x;129,9;Motorola
R$ 889,89Selo PrimeEsta í© uma oferta prime10x de R$ 88,98 s/ juros;R$ 889,89 em atí© 12x de R$ 74,15 s/ juros com Ame e receba R$ 133,49 (15% de volta) R$ 749,00 no cartí£o Americanascom em atí© 12x de R$ 62,41 s/ juros (15% de desconto)formas de parcelamento;0;"Smartphone Samsung Galaxy J6 32GB Dual Chip Android 8.0 Tela 5.6"" Octa-Core 1.6GHz 4G Cí¢mera 13MP com TV - Preto nas Lojas Americanas.com";889,89;False;0;10x;88,98;889,89;12x;74,15;133,49;12x;62,41;Samsung
R$ 899,9010x de R$ 89,99 s/ juros;R$ 899,90 em atí© 12x de R$ 74,99 s/ juros com Ame e receba R$ 45,00 (5% de volta) R$ 809,91 em 1x no cartí£o Americanascom (10% de desconto) ou R$ 899,90 em atí© 12x de R$ 74,99 s/ jurosformas de parcelamento;0;"Smartphone Samsung Galaxy J6 32GB Dual Chip Android 8.0 Tela 5.6"" Octa-Core 1.6GHz 4G Cí¢mera 13MP com TV - Prata nas Lojas Americanas.com";899,9;False;0;10x;89,99;899,9;12x;74,99;45;12x;74,99;Samsung
R$ 999,0010x de R$ 99,90 s/ juros;R$ 999,00 em atí© 12x de R$ 83,25 s/ juros com Ame e receba R$ 49,95 (5% de volta) R$ 899,10 em 1x no cartí£o Americanascom (10% de desconto) ou R$ 999,00 em atí© 12x de R$ 83,25 s/ jurosformas de parcelamento;0;"Smartphone Samsung Galaxy J6 32GB Dual Chip Android 8.0 Tela 5.6"" Octa-Core 1.6GHz 4G Cí¢mera 13MP - Violeta nas Lojas Americanas.com";999;False;0;10x;99,9;999;12x;83,25;49,95;12x;83,25;Samsung
R$ 999,00Selo PrimeEsta í© uma oferta prime10x de R$ 99,90 s/ juros;R$ 999,00 em atí© 12x de R$ 83,25 s/ juros com Ame e receba R$ 149,85 (15% de volta) R$ 749,00 no cartí£o Americanascom em atí© 12x de R$ 62,41 s/ juros (25% de desconto)formas de parcelamento;0;"Smartphone Samsung Galaxy J6 64GB Dual Chip Android 8.0 Tela 5.6"" Octa-Core 1.6GHz 4G Cí¢mera 13MP - Violeta nas Lojas Americanas.com";999;False;0;10x;99,9;999;12x;83,25;149,85;12x;62,41;Samsung
R$ 8799,00 (10% de desconto)R$ 7919,10no boleto ou em 1x no cartí£o;R$ 8799,00 em atí© 12x de R$ 733,25 s/ juros com Ame e receba R$ 439,95 (5% de volta) R$ 8799,00 no cartí£o de crí©dito em atí© 10x de R$ 879,90 s/ jurosR$ 7919,10 em 1x no cartí£o Americanascom (10% de desconto) ou R$ 8799,00 em atí© 12x de R$ 733,25 s/ jurosformas de parcelamento;0;iPhone Xs Max Ouro 256GB IOS12 4G + Wi-fi Cí¢mera 12MP - Apple nas Lojas Americanas.com;8799;True;10;0;0;8799;12x;733,25;439,95;12x;879,9;Apple
R$ 8599,00Selo PrimeEsta í© uma oferta prime10x de R$ 859,90 s/ juros;R$ 8599,00 em atí© 12x de R$ 716,58 s/ juros com Ame e receba R$ 429,95 (5% de volta) R$ 7739,10 em 1x no cartí£o de crí©dito (10% de desconto)R$ 7739,10 no cartí£o Americanascom em atí© 12x de R$ 644,92 s/ juros (10% de desconto)formas de parcelamento;7739,1;iPhone Xs Max Ouro 512GB IOS12 4G + Wi-fi Cí¢mera 12MP - Apple nas Lojas Americanas.com;8599;False;0;10x;859,9;8599;12x;716,58;429,95;12x;644,92;Apple
R$ 6999,00Selo PrimeEsta í© uma oferta prime10x de R$ 699,90 s/ juros;R$ 6999,00 em atí© 12x de R$ 583,25 s/ juros com Ame e receba R$ 349,95 (5% de volta) R$ 6299,10 em 1x no cartí£o de crí©dito (10% de desconto)R$ 6299,10 no cartí£o Americanascom em atí© 12x de R$ 524,92 s/ juros (10% de desconto)formas de parcelamento;6299,1;iPhone Xs Max 64GB Ouro IOS12 4G + Wi-fi Cí¢mera 12MP - Apple nas Lojas Americanas.com;6999;False;0;10x;699,9;6999;12x;583,25;349,95;12x;524,92;Apple
R$ 1399,00 (10% de desconto)R$ 1259,10em 1x no cartí£o;R$ 1399,00 em atí© 12x de R$ 116,58 s/ juros com Ame e receba R$ 69,95 (5% de volta) R$ 1399,00 no boleto bancíçrioR$ 1399,00 no cartí£o de crí©dito em atí© 10x de R$ 139,90 s/ jurosR$ 1259,10 no cartí£o Americanascom em atí© 12x de R$ 104,92 s/ juros (10% de desconto)formas de parcelamento;0;"Smartphone Motorola Moto G7 64GB Dual Chip Android Pie - 9.0 Tela 6.24"" 1.8 GHz Octa-Core 4G Cí¢mera 12 + 5MP (Dual Traseira) - íînix nas Lojas Americanas.com";1399;True;10;0;0;1399;12x;116,58;69,95;12x;139,9;Motorola
R$ 1443,33 (10% de desconto)R$ 1298,99Selo PrimeEsta í© uma oferta primeem 1x no cartí£o;R$ 1443,33 em atí© 12x de R$ 120,27 s/ juros com Ame e receba R$ 72,17 (5% de volta) R$ 1443,33 no boleto bancíçrioR$ 1443,33 no cartí£o de crí©dito em atí© 10x de R$ 144,33 s/ jurosR$ 1298,99 no cartí£o Americanascom em atí© 12x de R$ 108,24 s/ juros (10% de desconto)formas de parcelamento;0;"Smartphone Motorola Moto G7 64GB Dual Chip Android Pie - 9.0 Tela 6.24"" 1.8 GHz Octa-Core 4G Cí¢mera 12 + 5MP (Dual Traseira)- Branco Polar nas Lojas Americanas.com";1443,33;True;10;0;0;1443,33;12x;120,27;72,17;12x;144,33;Motorola
R$ 3599,00Selo PrimeEsta í© uma oferta prime10x de R$ 359,90 s/ juros;R$ 3599,00 em atí© 12x de R$ 299,91 s/ juros com Ame e receba R$ 179,95 (5% de volta) R$ 3239,10 em 1x no cartí£o de crí©dito (10% de desconto)R$ 3239,10 no cartí£o Americanascom em atí© 12x de R$ 269,92 s/ juros (10% de desconto)formas de parcelamento;3239,1;"iPhone 7 Plus 128GB dourado Tela Retina HD 5,5"" 3D Touch Cí¢mera Dupla de 12MP - Apple nas Lojas Americanas.com";3599;False;0;10x;359,9;3599;12x;299,91;179,95;12x;269,92;Iphone
R$ 3199,00 (10% de desconto)R$ 2879,10Selo PrimeEsta í© uma oferta primeem 1x no cartí£o;R$ 3199,00 em atí© 12x de R$ 266,58 s/ juros com Ame e receba R$ 159,95 (5% de volta) R$ 3199,00 no boleto bancíçrioR$ 3199,00 no cartí£o de crí©dito em atí© 10x de R$ 319,90 s/ jurosR$ 2879,10 no cartí£o Americanascom em atí© 12x de R$ 239,92 s/ juros (10% de desconto)formas de parcelamento;0;iPhone 7 128GB Preto Matte Desbloqueado IOS 10 Wi-fi + 4G Cí¢mera 12MP - Apple nas Lojas Americanas.com;3199;True;10;0;0;3199;12x;266,58;159,95;12x;319,9;Iphone
R$ 3999,0010x de R$ 399,90 s/ juros;R$ 3999,00 em atí© 12x de R$ 333,25 s/ juros com Ame e receba R$ 199,95 (5% de volta) R$ 3599,10 em 1x no cartí£o de crí©dito (10% de desconto)R$ 3599,10 no cartí£o Americanascom em atí© 12x de R$ 299,92 s/ juros (10% de desconto)formas de parcelamento;3599,1;"Iphone 8 Plus 64GB Ouro  Tela 5.5"" iOS 12 4G Cí¢mera 12MP - Apple nas Lojas Americanas.com";3999;False;0;10x;399,9;3999;12x;333,25;199,95;12x;299,92;Iphone
R$ 3899,0010x de R$ 389,90 s/ juros;R$ 3899,00 em atí© 12x de R$ 324,91 s/ juros com Ame e receba R$ 194,95 (5% de volta) R$ 3509,10 em 1x no cartí£o de crí©dito (10% de desconto)R$ 3509,10 no cartí£o Americanascom em atí© 12x de R$ 292,42 s/ juros (10% de desconto)formas de parcelamento;3509,1;"iPhone 8 Plus 64GB Cinza Tela 5.5"" iOS 12 4G Cí¢mera 12MP - Apple nas Lojas Americanas.com";3899;False;0;10x;389,9;3899;12x;324,91;194,95;12x;292,42;Iphone
R$ 3899,00 (10% de desconto)R$ 3509,10em 1x no cartí£o;R$ 3899,00 em atí© 12x de R$ 324,91 s/ juros com Ame e receba R$ 194,95 (5% de volta) R$ 3899,00 no boleto bancíçrioR$ 3899,00 no cartí£o de crí©dito em atí© 10x de R$ 389,90 s/ jurosR$ 3509,10 no cartí£o Americanascom em atí© 12x de R$ 292,42 s/ juros (10% de desconto)formas de parcelamento;0;iPhone 8 Plus 64gb Silver Tela 5.5äóù iOS 12 4G Cí¢mera 12 MP - Apple nas Lojas Americanas.com;3899;True;10;0;0;3899;12x;324,91;194,95;12x;389,9;Iphone
R$ 3199,00Selo PrimeEsta í© uma oferta prime10x de R$ 319,90 s/ juros;R$ 3199,00 em atí© 12x de R$ 266,58 s/ juros com Ame e receba R$ 159,95 (5% de volta) R$ 2879,10 no cartí£o Americanascom em atí© 12x de R$ 239,92 s/ juros (10% de desconto)formas de parcelamento;0;iPhone 7 128GB Ouro Rosa Desbloqueado IOS 10 Wi-fi + 4G Cí¢mera 12MP - Apple nas Lojas Americanas.com;3199;False;0;10x;319,9;3199;12x;266,58;159,95;12x;239,92;Iphone
R$ 4399,00 (10% de desconto)R$ 3959,10Selo PrimeEsta í© uma oferta primeem 1x no cartí£o;R$ 4399,00 em atí© 12x de R$ 366,58 s/ juros com Ame e receba R$ 219,95 (5% de volta) R$ 4399,00 no boleto bancíçrioR$ 4399,00 no cartí£o de crí©dito em atí© 10x de R$ 439,90 s/ jurosR$ 3959,10 no cartí£o Americanascom em atí© 12x de R$ 329,92 s/ juros (10% de desconto)formas de parcelamento;0;iPhone Xr 64GB Preto IOS12 4G + Wi-fi Cí¢mera 12MP - Apple nas Lojas Americanas.com;4399;True;10;0;0;4399;12x;366,58;219,95;12x;439,9;Iphone
R$ 4399,00Selo PrimeEsta í© uma oferta prime10x de R$ 439,90 s/ juros;R$ 4399,00 em atí© 12x de R$ 366,58 s/ juros com Ame e receba R$ 219,95 (5% de volta) R$ 3959,10 em 1x no cartí£o de crí©dito (10% de desconto)R$ 3959,10 no cartí£o Americanascom em atí© 12x de R$ 329,92 s/ juros (10% de desconto)formas de parcelamento;3959,1;iPhone Xr 64GB Azul IOS12 4G + Wi-fi Cí¢mera 12MP - Apple nas Lojas Americanas.com;4399;False;0;10x;439,9;4399;12x;366,58;219,95;12x;329,92;Iphone
R$ 4399,99 (10% de desconto)R$ 3959,99Selo PrimeEsta í© uma oferta primeem 1x no cartí£o;R$ 4399,99 em atí© 12x de R$ 366,66 s/ juros com Ame e receba R$ 220,00 (5% de volta) R$ 4399,99 no boleto bancíçrioR$ 4399,99 no cartí£o de crí©dito em atí© 10x de R$ 439,99 s/ jurosR$ 3959,99 no cartí£o Americanascom em atí© 12x de R$ 329,99 s/ juros (10% de desconto)formas de parcelamento;0;iPhone Xr 64GB Coral IOS12 4G + Wi-fi Cí¢mera 12MP - Apple nas Lojas Americanas.com;4399,99;True;10;0;0;4399,99;12x;366,66;220;12x;439,99;Iphone
R$ 8799,0010x de R$ 879,90 s/ juros;R$ 8799,00 em atí© 12x de R$ 733,25 s/ juros com Ame e receba R$ 439,95 (5% de volta) R$ 7919,10 no boleto bancíçrio (10% de desconto)R$ 7919,10 em 1x no cartí£o de crí©dito (10% de desconto)R$ 7919,10 em 1x no cartí£o Americanascom (10% de desconto) ou R$ 8799,00 em atí© 12x de R$ 733,25 s/ jurosformas de parcelamento;7919,1;iPhone Xs Max Prata 256GB IOS12 4G + Wi-fi Cí¢mera 12MP - Apple nas Lojas Americanas.com;8799;False;0;10x;879,9;8799;12x;733,25;439,95;12x;733,25;Iphone
R$ 7599,00Selo PrimeEsta í© uma oferta prime10x de R$ 759,90 s/ juros;R$ 7599,00 em atí© 12x de R$ 633,25 s/ juros com Ame e receba R$ 379,95 (5% de volta) R$ 6839,10 em 1x no cartí£o de crí©dito (10% de desconto)R$ 6839,10 no cartí£o Americanascom em atí© 12x de R$ 569,92 s/ juros (10% de desconto)formas de parcelamento;6839,1;iPhone Xs Max Cinza Espacial 256GB IOS12 4G + Wi-fi Cí¢mera 12MP - Apple nas Lojas Americanas.com;7599;False;0;10x;759,9;7599;12x;633,25;379,95;12x;569,92;Iphone
R$ 6999,00Selo PrimeEsta í© uma oferta prime10x de R$ 699,90 s/ juros;R$ 6999,00 em atí© 12x de R$ 583,25 s/ juros com Ame e receba R$ 349,95 (5% de volta) R$ 6299,10 em 1x no cartí£o de crí©dito (10% de desconto)R$ 6299,10 no cartí£o Americanascom em atí© 12x de R$ 524,92 s/ juros (10% de desconto)formas de parcelamento;6299,1;iPhone Xs Max 64GB Cinza  Espacial IOS12 4G + Wi-fi Cí¢mera 12MP - Apple nas Lojas Americanas.com;6999;False;0;10x;699,9;6999;12x;583,25;349,95;12x;524,92;Iphone
R$ 6299,00Selo PrimeEsta í© uma oferta prime10x de R$ 629,90 s/ juros;R$ 6299,00 em atí© 12x de R$ 524,91 s/ juros com Ame e receba R$ 314,95 (5% de volta) R$ 5669,10 no cartí£o Americanascom em atí© 12x de R$ 472,42 s/ juros (10% de desconto)formas de parcelamento;0;iPhone Xs 64GB Ouro IOS12 4G + Wi-fi Cí¢mera 12MP - Apple nas Lojas Americanas.com;6299;False;0;10x;629,9;6299;12x;524,91;314,95;12x;472,42;Iphone
R$ 1699,0010x de R$ 169,90 s/ juros;R$ 1699,00 em atí© 12x de R$ 141,58 s/ juros com Ame e receba R$ 84,95 (5% de volta) R$ 1529,10 em 1x no cartí£o Americanascom (10% de desconto) ou R$ 1699,00 em atí© 12x de R$ 141,58 s/ jurosformas de parcelamento;0;Usado: Iphone 6 Apple 128gb Dourado nas Lojas Americanas.com;1699;False;0;10x;169,9;1699;12x;141,58;84,95;12x;141,58;Iphone
R$ 2748,99 (10% de desconto)R$ 2474,09Selo PrimeEsta í© uma oferta primeem 1x no cartí£o;R$ 2748,99 em atí© 12x de R$ 229,08 s/ juros com Ame e receba R$ 137,45 (5% de volta) R$ 2748,99 no boleto bancíçrioR$ 2748,99 no cartí£o de crí©dito em atí© 10x de R$ 274,89 s/ jurosR$ 2474,09 no cartí£o Americanascom em atí© 12x de R$ 206,17 s/ juros (10% de desconto)formas de parcelamento;0;iPhone 7 32GB Prateado Desbloqueado IOS 10 Wi-fi + 4G Cí¢mera 12MP - Apple nas Lojas Americanas.com;2748,99;True;10;0;0;2748,99;12x;229,08;137,45;12x;274,89;Iphone
R$ 4999,00 (20% de desconto)R$ 3999,20Selo PrimeEsta í© uma oferta primeem 1x no cartí£o;R$ 4999,00 em atí© 12x de R$ 416,58 s/ juros com Ame e receba R$ 249,95 (5% de volta) R$ 4999,00 no boleto bancíçrioR$ 4999,00 no cartí£o de crí©dito em atí© 10x de R$ 499,90 s/ jurosR$ 3999,20 em 1x no cartí£o Americanascom (20% de desconto) ou R$ 4999,00 em atí© 12x de R$ 416,58 s/ jurosformas de parcelamento;0;Smartphone Samsung Galaxy S10 128GB Dual Chip Android Tela 6.1äóù Octa-Core 4G Cí¢mera Tripla Traseira 12MP + 12MP + 16MP - Branco nas Lojas Americanas.com;4999;True;20;0;0;4999;12x;416,58;249,95;12x;499,9;Samsung
R$ 5499,00Selo PrimeEsta í© uma oferta prime10x de R$ 549,90 s/ juros;R$ 5499,00 em atí© 12x de R$ 458,25 s/ juros com Ame e receba R$ 274,95 (5% de volta) R$ 4399,20 em 1x no cartí£o de crí©dito (20% de desconto)R$ 4399,20 em 1x no cartí£o Americanascom (20% de desconto) ou R$ 5499,00 em atí© 12x de R$ 458,25 s/ jurosformas de parcelamento;4399,2;Smartphone Samsung Galaxy S10+ 128GB Dual Chip Android 9.0 Tela 6.4äóù Octa-Core 4G Cí¢mera Tripla Traseira 12MP + 12MP + 16MP - Branco nas Lojas Americanas.com;5499;False;0;10x;549,9;5499;12x;458,25;274,95;12x;458,25;Samsung
R$ 5499,00 (20% de desconto)R$ 4399,20Selo PrimeEsta í© uma oferta primeem 1x no cartí£o;R$ 5499,00 em atí© 12x de R$ 458,25 s/ juros com Ame e receba R$ 274,95 (5% de volta) R$ 5499,00 no boleto bancíçrioR$ 5499,00 no cartí£o de crí©dito em atí© 10x de R$ 549,90 s/ jurosR$ 4399,20 em 1x no cartí£o Americanascom (20% de desconto) ou R$ 5499,00 em atí© 12x de R$ 458,25 s/ jurosformas de parcelamento;0;Smartphone Samsung Galaxy S10+ 128GB Dual Chip Android 9.0 Tela 6.4äóù Octa-Core 4G Cí¢mera Tripla Traseira 12MP + 12MP + 16MP - Preto nas Lojas Americanas.com;5499;True;20;0;0;5499;12x;458,25;274,95;12x;549,9;Samsung
R$ 2699,00Selo PrimeEsta í© uma oferta prime10x de R$ 269,90 s/ juros;R$ 2699,00 em atí© 12x de R$ 224,91 s/ juros com Ame e receba R$ 134,95 (5% de volta) R$ 2294,15 em 1x no cartí£o de crí©dito (15% de desconto)R$ 2699,00 no cartí£o Americanascom em atí© 12x de R$ 224,91 s/ jurosformas de parcelamento;2294,15;"Smartphone Samsung Galaxy S9 Dual Chip Android 8.0 Tela 5.8"" Octa-Core 2.8GHz 128GB 4G Cí¢mera 12MP - Preto nas Lojas Americanas.com";2699;False;0;10x;269,9;2699;12x;224,91;134,95;12x;224,91;Samsung
R$ 3099,00Selo PrimeEsta í© uma oferta prime10x de R$ 309,90 s/ juros;R$ 3099,00 em atí© 12x de R$ 258,25 s/ juros com Ame e receba R$ 154,95 (5% de volta) R$ 3099,00 no cartí£o Americanascom em atí© 12x de R$ 258,25 s/ jurosformas de parcelamento;0;"Smartphone Samsung Galaxy S9+ Dual Chip Android 8.0 Tela 6.2"" Octa-Core 2.8GHz 128GB 4G Cí¢mera 12MP Dual Cam - Preto nas Lojas Americanas.com";3099;False;0;10x;309,9;3099;12x;258,25;154,95;12x;258,25;Samsung
R$ 2699,00 (15% de desconto)R$ 2294,15Selo PrimeEsta í© uma oferta primeem 1x no cartí£o;R$ 2699,00 em atí© 12x de R$ 224,91 s/ juros com Ame e receba R$ 134,95 (5% de volta) R$ 2699,00 no boleto bancíçrioR$ 2699,00 no cartí£o de crí©dito em atí© 10x de R$ 269,90 s/ jurosR$ 2699,00 no cartí£o Americanascom em atí© 12x de R$ 224,91 s/ jurosformas de parcelamento;0;"Smartphone Samsung Galaxy S9 Dual Chip Android 8.0 Tela 5.8"" Octa-Core 2.8GHz 128GB 4G Cí¢mera 12MP - Cinza nas Lojas Americanas.com";2699;True;15;0;0;2699;12x;224,91;134,95;12x;269,9;Samsung
R$ 3199,00Selo PrimeEsta í© uma oferta prime10x de R$ 319,90 s/ juros;R$ 3199,00 em atí© 12x de R$ 266,58 s/ juros com Ame e receba R$ 159,95 (5% de volta) R$ 3199,00 no cartí£o Americanascom em atí© 12x de R$ 266,58 s/ jurosformas de parcelamento;0;"Smartphone Samsung Galaxy S9+ Dual Chip Android 8.0 Tela 6.2"" Octa-Core 2.8GHz 128GB 4G Cí¢mera 12MP Dual Cam - Cinza nas Lojas Americanas.com";3199;False;0;10x;319,9;3199;12x;266,58;159,95;12x;266,58;Samsung
R$ 3469,2810x de R$ 346,92 s/ juros;R$ 3469,28 em atí© 12x de R$ 289,10 s/ juros com Ame e receba R$ 173,47 (5% de volta) R$ 3469,28 no cartí£o Americanascom em atí© 12x de R$ 289,10 s/ jurosformas de parcelamento;0;"Smartphone Samsung Galaxy S8+ Dual Chip Android 7.0 Tela 6.2"" Octa-Core 2.3 GHz 64GB Cí¢mera 12MP - Prata nas Lojas Americanas.com";3469,28;False;0;10x;346,92;3469,28;12x;289,1;173,47;12x;289,1;Samsung
R$ 3949,9010x de R$ 394,99 s/ juros;R$ 3949,90 em atí© 12x de R$ 329,15 s/ juros com Ame e receba R$ 197,50 (5% de volta) R$ 3752,40 em 1x no cartí£o de crí©dito (5% de desconto)R$ 3752,40 em 1x no cartí£o Americanascom (5% de desconto) ou R$ 3949,90 em atí© 12x de R$ 329,15 s/ jurosformas de parcelamento;3752,4;"Smartphone Samsung Galaxy S8+ Dual Chip Android 7.0 Tela 6.2"" Octa-Core 2.3 GHz 64GB Cí¢mera 12MP - Ametista nas Lojas Americanas.com";3949,9;False;0;10x;394,99;3949,9;12x;329,15;197,5;12x;329,15;Samsung
R$ 2776,67Selo PrimeEsta í© uma oferta prime10x de R$ 277,66 s/ juros;R$ 2776,67 em atí© 12x de R$ 231,38 s/ juros com Ame e receba R$ 138,84 (5% de volta) R$ 2360,16 em 1x no cartí£o de crí©dito (15% de desconto)R$ 2776,67 no cartí£o Americanascom em atí© 12x de R$ 231,38 s/ jurosformas de parcelamento;2360,16;"Smartphone Samsung Galaxy S9 Dual Chip Android 8.0 Tela 5.8"" Octa-Core 2.8GHz 128GB 4G Cí¢mera 12MP - Ultravioleta nas Lojas Americanas.com";2776,67;False;0;10x;277,66;2776,67;12x;231,38;138,84;12x;231,38;Samsung
R$ 2699,00Selo PrimeEsta í© uma oferta prime10x de R$ 269,90 s/ juros;R$ 2699,00 em atí© 12x de R$ 224,91 s/ juros com Ame e receba R$ 134,95 (5% de volta) R$ 2294,15 em 1x no cartí£o de crí©dito (15% de desconto)R$ 2699,00 no cartí£o Americanascom em atí© 12x de R$ 224,91 s/ jurosformas de parcelamento;2294,15;"Smartphone Samsung Galaxy S9 Dual Chip Android 8.0 Tela 5.8"" Octa-Core 2.8GHz 128GB 4G Cí¢mera 12MP - Azul nas Lojas Americanas.com";2699;False;0;10x;269,9;2699;12x;224,91;134,95;12x;224,91;Samsung
R$ 2199,00 (14% de desconto)R$ 1879,0010x de R$ 187,90 s/ juros;R$ 1879,00 em atí© 12x de R$ 156,58 s/ juros com Ame e receba R$ 93,95 (5% de volta) R$ 1879,00 no cartí£o Americanascom em atí© 12x de R$ 156,58 s/ jurosformas de parcelamento;0;Usado: Samsung Galaxy S9 G9600/ds 128gb Cinza Tití¢nio nas Lojas Americanas.com;2199;True;14;10x;187,9;1879;12x;156,58;93,95;12x;156,58;Samsung
R$ 3099,00Selo PrimeEsta í© uma oferta prime10x de R$ 309,90 s/ juros;R$ 3099,00 em atí© 12x de R$ 258,25 s/ juros com Ame e receba R$ 154,95 (5% de volta) R$ 3099,00 no cartí£o Americanascom em atí© 12x de R$ 258,25 s/ jurosformas de parcelamento;0;"Smartphone Samsung Galaxy S9+ Dual Chip Android 8.0 Tela 6.2"" Octa-Core 2.8GHz 128GB 4G Cí¢mera 12MP Dual Cam - Ultravioleta nas Lojas Americanas.com";3099;False;0;10x;309,9;3099;12x;258,25;154,95;12x;258,25;Samsung
R$ 1399,0010x de R$ 139,90 s/ juros;R$ 1399,00 em atí© 12x de R$ 116,58 s/ juros com Ame e receba R$ 69,95 (5% de volta) R$ 1399,00 no cartí£o Americanascom em atí© 12x de R$ 116,58 s/ jurosformas de parcelamento;0;"Smartphone Samsung Galaxy J8 64GB Dual Chip Android 8.0 Tela 6"" Octa-Core 1.8GHz  4G Cí¢mera 16MP F1.7 + 5MP F1.9 (Dual Cam) - Preto nas Lojas Americanas.com";1399;False;0;10x;139,9;1399;12x;116,58;69,95;12x;116,58;Samsung
R$ 1278,8810x de R$ 127,88 s/ juros;R$ 1278,88 em atí© 12x de R$ 106,57 s/ juros com Ame e receba R$ 63,95 (5% de volta) R$ 1278,88 no cartí£o Americanascom em atí© 12x de R$ 106,57 s/ jurosformas de parcelamento;0;"Smartphone Samsung Galaxy J8 64GB Dual Chip Android 8.0 Tela 6"" Octa-Core 1.8GHz 4G Cí¢mera 16MP F1.7 + 5MP F1.9 (Dual Cam) - Prata nas Lojas Americanas.com";1278,88;False;0;10x;127,88;1278,88;12x;106,57;63,95;12x;106,57;Samsung
R$ 1299,99Selo PrimeEsta í© uma oferta prime10x de R$ 129,99 s/ juros;R$ 1299,99 em atí© 12x de R$ 108,33 s/ juros com Ame e receba R$ 65,00 (5% de volta) R$ 1299,99 no cartí£o Americanascom em atí© 12x de R$ 108,33 s/ jurosformas de parcelamento;0;"Smartphone Samsung Galaxy J8 64GB Dual Chip Android 8.0 Tela 6"" Octa-Core 1.8GHz 4G Cí¢mera 16MP F1.7 + 5MP F1.9 (Dual Cam) - Violeta nas Lojas Americanas.com";1299,99;False;0;10x;129,99;1299,99;12x;108,33;65;12x;108,33;Samsung
R$ 949,00Selo PrimeEsta í© uma oferta prime9x de R$ 105,44 s/ juros;R$ 949,00 em atí© 12x de R$ 79,08 s/ juros com Ame e receba R$ 47,45 (5% de volta) R$ 949,00 no cartí£o Americanascom em atí© 12x de R$ 79,08 s/ jurosformas de parcelamento;0;"Smartphone Samsung Galaxy J6 32GB Dual Chip Android 8.0 Tela 5.6"" Octa-Core 1.6GHz 4G Cí¢mera 13MP com TV - Prata nas Lojas Americanas.com";949;False;0;0;105,44;949;12x;79,08;47,45;12x;79,08;Samsung
R$ 799,00Selo PrimeEsta í© uma oferta prime8x de R$ 99,87 s/ juros;R$ 799,00 em atí© 12x de R$ 66,58 s/ juros com Ame e receba R$ 39,95 (5% de volta) R$ 799,00 no cartí£o Americanascom em atí© 12x de R$ 66,58 s/ jurosformas de parcelamento;0;"Smartphone Samsung Galaxy J6 32GB Dual Chip Android 8.0 Tela 5.6"" Octa-Core 1.6GHz 4G Cí¢mera 13MP com TV - Preto nas Lojas Americanas.com";799;False;0;0;99,87;799;12x;66,58;39,95;12x;66,58;Samsung
R$ 999,0010x de R$ 99,90 s/ juros;R$ 999,00 em atí© 12x de R$ 83,25 s/ juros com Ame e receba R$ 49,95 (5% de volta) R$ 999,00 no cartí£o Americanascom em atí© 12x de R$ 83,25 s/ jurosformas de parcelamento;0;"Smartphone Samsung Galaxy J6 32GB Dual Chip Android 8.0 Tela 5.6"" Octa-Core 1.6GHz 4G Cí¢mera 13MP - Violeta nas Lojas Americanas.com";999;False;0;10x;99,9;999;12x;83,25;49,95;12x;83,25;Samsung
R$ 899,00Selo PrimeEsta í© uma oferta prime9x de R$ 99,88 s/ juros;R$ 899,00 em atí© 12x de R$ 74,91 s/ juros com Ame e receba R$ 44,95 (5% de volta) R$ 899,00 no cartí£o Americanascom em atí© 12x de R$ 74,91 s/ jurosformas de parcelamento;0;"Smartphone Samsung Galaxy J6+ 32GB Dual Chip Android Tela Infinita 6"" Quad-Core 1.4GHz 4G Cí¢mera 13 + 5MP (Traseira) - Prata nas Lojas Americanas.com";899;False;0;0;99,88;899;12x;74,91;44,95;12x;74,91;Samsung
R$ 1299,0010x de R$ 129,90 s/ juros;R$ 1299,00 em atí© 12x de R$ 108,25 s/ juros com Ame e receba R$ 64,95 (5% de volta) R$ 1299,00 no cartí£o Americanascom em atí© 12x de R$ 108,25 s/ jurosformas de parcelamento;0;"Smartphone Samsung Galaxy J6+ 32GB Dual Chip Android Tela Infinita 6"" Quad-Core 1.4GHz 4G Cí¢mera 13 + 5MP (Traseira) - Vermelho nas Lojas Americanas.com";1299;False;0;10x;129,9;1299;12x;108,25;64,95;12x;108,25;Samsung
R$ 749,00Selo PrimeEsta í© uma oferta prime7x de R$ 107,00 s/ juros;R$ 749,00 em atí© 12x de R$ 62,41 s/ juros com Ame e receba R$ 37,45 (5% de volta) R$ 749,00 no cartí£o Americanascom em atí© 12x de R$ 62,41 s/ jurosformas de parcelamento;0;"Smartphone Samsung Galaxy J4+ 32GB Dual Chip Android Tela Infinita 6"" Quad-Core 1.4GHz 4G Cí¢mera 13MP - Cobre nas Lojas Americanas.com";749;False;0;0;107;749;12x;62,41;37,45;12x;62,41;Samsung
R$ 749,00Selo PrimeEsta í© uma oferta prime7x de R$ 107,00 s/ juros;R$ 749,00 em atí© 12x de R$ 62,41 s/ juros com Ame e receba R$ 37,45 (5% de volta) R$ 749,00 no cartí£o Americanascom em atí© 12x de R$ 62,41 s/ jurosformas de parcelamento;0;"Smartphone Samsung Galaxy J4+ 32GB Dual Chip Android Tela Infinita 6"" Quad-Core 1.4GHz 4G Cí¢mera 13MP - Preto nas Lojas Americanas.com";749;False;0;0;107;749;12x;62,41;37,45;12x;62,41;Samsung
R$ 749,00Selo PrimeEsta í© uma oferta prime7x de R$ 107,00 s/ juros;R$ 749,00 em atí© 12x de R$ 62,41 s/ juros com Ame e receba R$ 37,45 (5% de volta) R$ 659,12 em 1x no cartí£o de crí©dito (12% de desconto)R$ 749,00 no cartí£o Americanascom em atí© 12x de R$ 62,41 s/ jurosformas de parcelamento;659,12;"Smartphone Samsung Galaxy J5 Prime Dual Chip Android 6.0 Tela 5"" Quad-Core 1.4 GHz 32GB 4G Wi-Fi Cí¢mera 13MP com Leitor de Digital - Rosa nas Lojas Americanas.com";749;False;0;0;107;749;12x;62,41;37,45;12x;62,41;Samsung
R$ 899,00Selo PrimeEsta í© uma oferta prime9x de R$ 99,88 s/ juros;R$ 899,00 em atí© 12x de R$ 74,91 s/ juros com Ame e receba R$ 44,95 (5% de volta) R$ 899,00 no cartí£o Americanascom em atí© 12x de R$ 74,91 s/ jurosformas de parcelamento;0;"Smartphone Samsung Galaxy J6+ 32GB Dual Chip Android Tela Infinita 6"" Quad-Core 1.4GHz 4G Cí¢mera 13 + 5MP (Traseira) - Preto nas Lojas Americanas.com";899;False;0;0;99,88;899;12x;74,91;44,95;12x;74,91;Samsung
R$ 749,00Selo PrimeEsta í© uma oferta prime7x de R$ 107,00 s/ juros;R$ 749,00 em atí© 12x de R$ 62,41 s/ juros com Ame e receba R$ 37,45 (5% de volta) R$ 749,00 no cartí£o Americanascom em atí© 12x de R$ 62,41 s/ jurosformas de parcelamento;0;"Smartphone Samsung Galaxy J4+ 32GB Dual Chip Android Tela Infinita 6"" Quad-Core 1.4GHz 4G Cí¢mera 13MP - Rosa nas Lojas Americanas.com";749;False;0;0;107;749;12x;62,41;37,45;12x;62,41;Samsung
R$ 776,67Selo PrimeEsta í© uma oferta prime7x de R$ 110,95 s/ juros;R$ 776,67 em atí© 12x de R$ 64,72 s/ juros com Ame e receba R$ 38,84 (5% de volta) R$ 776,67 no cartí£o Americanascom em atí© 12x de R$ 64,72 s/ jurosformas de parcelamento;0;"Smartphone Samsung Galaxy J4 32GB Dual Chip Android 8.0 Tela 5.5"" Quad-Core 1.4GHz 4G Cí¢mera 13MP - Preto nas Lojas Americanas.com";776,67;False;0;0;110,95;776,67;12x;64,72;38,84;12x;64,72;Samsung
R$ 647,99Selo PrimeEsta í© uma oferta prime6x de R$ 107,99 s/ juros;R$ 647,99 em atí© 12x de R$ 53,99 s/ juros com Ame e receba R$ 32,40 (5% de volta) R$ 647,99 no cartí£o Americanascom em atí© 12x de R$ 53,99 s/ jurosformas de parcelamento;0;"Smartphone Samsung Galaxy J4 Core 16GB Nano Chip Android Tela 6"" Quad-Core 1.4GHz 4G Cí¢mera 8MP - Cobre nas Lojas Americanas.com";647,99;False;0;0;107,99;647,99;12x;53,99;32,4;12x;53,99;Samsung
R$ 699,00Selo PrimeEsta í© uma oferta prime7x de R$ 99,85 s/ juros;R$ 699,00 em atí© 12x de R$ 58,25 s/ juros com Ame e receba R$ 34,95 (5% de volta) R$ 699,00 no cartí£o Americanascom em atí© 12x de R$ 58,25 s/ jurosformas de parcelamento;0;"Smartphone Samsung Galaxy J4 Core 16GB Nano Chip Android Tela 6"" Quad-Core 1.4GHz  4G Cí¢mera 8MP - Preto nas Lojas Americanas.com";699;False;0;0;99,85;699;12x;58,25;34,95;12x;58,25;Samsung
R$ 1335,4910x de R$ 133,54 s/ juros;R$ 1335,49 em atí© 12x de R$ 111,29 s/ juros com Ame e receba R$ 66,78 (5% de volta) R$ 1335,49 no cartí£o Americanascom em atí© 12x de R$ 111,29 s/ jurosformas de parcelamento;0;"Smartphone Samsung Galaxy J5 Prime Dual Chip Android 6.0 Tela 5"" Quad-Core 1.4 GHz 32GB 4G Wi-Fi Cí¢mera 13MP com Leitor de Digital - Dourado nas Lojas Americanas.com";1335,49;False;0;10x;133,54;1335,49;12x;111,29;66,78;12x;111,29;Samsung
R$ 999,00Selo PrimeEsta í© uma oferta prime10x de R$ 99,90 s/ juros;R$ 999,00 em atí© 12x de R$ 83,25 s/ juros com Ame e receba R$ 49,95 (5% de volta) R$ 999,00 no cartí£o Americanascom em atí© 12x de R$ 83,25 s/ jurosformas de parcelamento;0;"Smartphone Samsung Galaxy J6 64GB Dual Chip Android 8.0 Tela 5.6"" Octa-Core 1.6GHz 4G Cí¢mera 13MP - Violeta nas Lojas Americanas.com";999;False;0;10x;99,9;999;12x;83,25;49,95;12x;83,25;Samsung
R$ 4999,00 (20% de desconto)R$ 3999,20Selo PrimeEsta í© uma oferta primeem 1x no cartí£o;R$ 4999,00 em atí© 12x de R$ 416,58 s/ juros com Ame e receba R$ 249,95 (5% de volta) R$ 4999,00 no boleto bancíçrioR$ 4999,00 no cartí£o de crí©dito em atí© 10x de R$ 499,90 s/ jurosR$ 3999,20 em 1x no cartí£o Americanascom (20% de desconto) ou R$ 4999,00 em atí© 12x de R$ 416,58 s/ jurosformas de parcelamento;0;Smartphone Samsung Galaxy S10 128GB Dual Chip Android Tela 6.1äóù Octa-Core 4G Cí¢mera Tripla Traseira 12MP + 12MP + 16MP - Preto nas Lojas Americanas.com;4999;True;20;0;0;4999;12x;416,58;249,95;12x;499,9;Samsung
R$ 3099,00Selo PrimeEsta í© uma oferta prime10x de R$ 309,90 s/ juros;R$ 3099,00 em atí© 12x de R$ 258,25 s/ juros com Ame e receba R$ 154,95 (5% de volta) R$ 3099,00 no cartí£o Americanascom em atí© 12x de R$ 258,25 s/ jurosformas de parcelamento;0;"Smartphone Samsung Galaxy S9+ Dual Chip Android 8.0 Tela 6.2"" Octa-Core 2.8GHz 128GB 4G Cí¢mera 12MP Dual Cam - Azul nas Lojas Americanas.com";3099;False;0;10x;309,9;3099;12x;258,25;154,95;12x;258,25;Samsung
R$ 3799,00Selo PrimeEsta í© uma oferta prime10x de R$ 379,90 s/ juros;R$ 3799,00 em atí© 12x de R$ 316,58 s/ juros com Ame e receba R$ 189,95 (5% de volta) R$ 3039,20 em 1x no cartí£o de crí©dito (20% de desconto)R$ 3039,20 em 1x no cartí£o Americanascom (20% de desconto) ou R$ 3799,00 em atí© 12x de R$ 316,58 s/ jurosformas de parcelamento;3039,2;"Smartphone Samsung Galaxy Note 9 128GB Nano Chip Android Tela 6.4"" Octa-Core 2.8GHz 4G Cí¢mera Dupla 12MP 6GB RAM + Caneta S Pen com Controle Remoto - Preto nas Lojas Americanas.com";3799;False;0;10x;379,9;3799;12x;316,58;189,95;12x;316,58;Samsung
R$ 3799,00 (20% de desconto)R$ 3039,20Selo PrimeEsta í© uma oferta primeem 1x no cartí£o;R$ 3799,00 em atí© 12x de R$ 316,58 s/ juros com Ame e receba R$ 189,95 (5% de volta) R$ 3799,00 no boleto bancíçrioR$ 3799,00 no cartí£o de crí©dito em atí© 10x de R$ 379,90 s/ jurosR$ 3039,20 em 1x no cartí£o Americanascom (20% de desconto) ou R$ 3799,00 em atí© 12x de R$ 316,58 s/ jurosformas de parcelamento;0;"Smartphone Samsung Galaxy Note 9 128GB Nano Chip Android Tela 6.4"" Octa-Core 2.8GHz 4G Cí¢mera Dupla 12MP 6GB RAM + Caneta S Pen com Controle Remoto - Azul nas Lojas Americanas.com";3799;True;20;0;0;3799;12x;316,58;189,95;12x;379,9;Samsung
R$ 2798,0010x de R$ 279,80 s/ juros;R$ 2798,00 em atí© 12x de R$ 233,16 s/ juros com Ame e receba R$ 139,90 (5% de volta) R$ 2798,00 no cartí£o Americanascom em atí© 12x de R$ 233,16 s/ jurosformas de parcelamento;0;"Smartphone Samsung Galaxy J7 Prime 2 Dual Chip Android 7.1 Tela 5.5"" Octa-Core 1.6GHz 32GB 4G Cí¢mera 13MP com TV - Preto nas Lojas Americanas.com";2798;False;0;10x;279,8;2798;12x;233,16;139,9;12x;233,16;Samsung
R$ 1399,0010x de R$ 139,90 s/ juros;R$ 1399,00 em atí© 12x de R$ 116,58 s/ juros com Ame e receba R$ 69,95 (5% de volta) R$ 1399,00 no cartí£o Americanascom em atí© 12x de R$ 116,58 s/ jurosformas de parcelamento;0;"Smartphone Samsung Galaxy J7 Prime Dual Chip Android Tela 5.5"" 32GB 4G Cí¢mera 13MP - Dourado nas Lojas Americanas.com";1399;False;0;10x;139,9;1399;12x;116,58;69,95;12x;116,58;Samsung
R$ 1499,9910x de R$ 149,99 s/ juros;R$ 1499,99 em atí© 12x de R$ 124,99 s/ juros com Ame e receba R$ 75,00 (5% de volta) R$ 1499,99 no cartí£o Americanascom em atí© 12x de R$ 124,99 s/ jurosformas de parcelamento;0;"Smartphone Samsung Galaxy J7 Prime 2 Dual Chip Android 7.1 Tela 5.5"" Octa-Core 1.6GHz 32GB 4G Cí¢mera 13MP com TV - Dourado nas Lojas Americanas.com";1499,99;False;0;10x;149,99;1499,99;12x;124,99;75;12x;124,99;Samsung
R$ 887,78 (10% de desconto)R$ 799,00Selo PrimeEsta í© uma oferta primeem 1x no cartí£o;R$ 887,78 em atí© 12x de R$ 73,98 s/ juros com Ame e receba R$ 44,39 (5% de volta) R$ 887,78 no boleto bancíçrioR$ 887,78 no cartí£o de crí©dito em atí© 8x de R$ 110,97 s/ jurosR$ 887,78 no cartí£o Americanascom em atí© 12x de R$ 73,98 s/ jurosformas de parcelamento;0;"Smartphone Motorola Moto G6 Play Dual Chip Android Oreo - 8.0 Tela 5.7"" Octa-Core 1.4 GHz 32GB 4G Cí¢mera 13MP - Ouro nas Lojas Americanas.com";887,78;True;10;0;0;887,78;12x;73,98;44,39;12x;110,97;Motorola
R$ 887,78 (10% de desconto)R$ 799,00Selo PrimeEsta í© uma oferta primeem 1x no cartí£o;R$ 887,78 em atí© 12x de R$ 73,98 s/ juros com Ame e receba R$ 44,39 (5% de volta) R$ 887,78 no boleto bancíçrioR$ 887,78 no cartí£o de crí©dito em atí© 8x de R$ 110,97 s/ jurosR$ 887,78 no cartí£o Americanascom em atí© 12x de R$ 73,98 s/ jurosformas de parcelamento;0;"Smartphone Motorola Moto G6 Play Dual Chip Android Oreo - 8.0 Tela 5.7"" Octa-Core 1.4 GHz 32GB 4G Cí¢mera 13MP - íçndigo nas Lojas Americanas.com";887,78;True;10;0;0;887,78;12x;73,98;44,39;12x;110,97;Motorola
R$ 887,78 (10% de desconto)R$ 799,00Selo PrimeEsta í© uma oferta primeem 1x no cartí£o;R$ 887,78 em atí© 12x de R$ 73,98 s/ juros com Ame e receba R$ 44,39 (5% de volta) R$ 887,78 no boleto bancíçrioR$ 887,78 no cartí£o de crí©dito em atí© 8x de R$ 110,97 s/ jurosR$ 887,78 no cartí£o Americanascom em atí© 12x de R$ 73,98 s/ jurosformas de parcelamento;0;Moto G7  Play Ouro nas Lojas Americanas.com;887,78;True;10;0;0;887,78;12x;73,98;44,39;12x;110,97;Motorola
R$ 1110,00Selo PrimeEsta í© uma oferta prime10x de R$ 111,00 s/ juros;R$ 1110,00 em atí© 12x de R$ 92,50 s/ juros com Ame e receba R$ 55,50 (5% de volta) R$ 999,00 em 1x no cartí£o de crí©dito (10% de desconto)R$ 1110,00 no cartí£o Americanascom em atí© 12x de R$ 92,50 s/ jurosformas de parcelamento;999;"Smartphone Motorola Moto G7 Power 32GB Dual Chip Android Pie - 9.0 Tela 6.2"" 1.8 GHz Octa-Core 4G Cí¢mera 12MP - Azul Navy nas Lojas Americanas.com";1110;False;0;10x;111;1110;12x;92,5;55,5;12x;92,5;Motorola
R$ 1588,86Selo PrimeEsta í© uma oferta prime10x de R$ 158,88 s/ juros;R$ 1588,86 em atí© 12x de R$ 132,40 s/ juros com Ame e receba R$ 79,45 (5% de volta) R$ 1588,86 no cartí£o Americanascom em atí© 12x de R$ 132,40 s/ jurosformas de parcelamento;0;"Smartphone Motorola Moto G7 Plus 64GB Dual Chip Android Pie - 9.0 Tela 6.3"" 1.8 GHz Octa-Core 4G Cí¢mera 16MP F1.7 + 5MP F1.9 (Dual Cam) - Indigo nas Lojas Americanas.com";1588,86;False;0;10x;158,88;1588,86;12x;132,4;79,45;12x;132,4;Motorola
R$ 1799,0010x de R$ 179,90 s/ juros;R$ 1799,00 em atí© 12x de R$ 149,91 s/ juros com Ame e receba R$ 89,95 (5% de volta) R$ 1529,15 no boleto bancíçrio (15% de desconto)R$ 1529,15 em 1x no cartí£o de crí©dito (15% de desconto)R$ 1529,15 em 1x no cartí£o Americanascom (15% de desconto) ou R$ 1799,00 em atí© 12x de R$ 149,91 s/ jurosformas de parcelamento;1529,15;"Smartphone Motorola Moto G7 Plus 64GB Dual Chip Android Pie - 9.0 Tela 6.3"" 1.8 GHz Octa-Core 4G Cí¢mera 16MP F1.7 + 5MP F1.9 (Dual Cam) - Rubi nas Lojas Americanas.com";1799;False;0;10x;179,9;1799;12x;149,91;89,95;12x;149,91;Motorola
R$ 887,78Selo PrimeEsta í© uma oferta prime8x de R$ 110,97 s/ juros;R$ 887,78 em atí© 12x de R$ 73,98 s/ juros com Ame e receba R$ 44,39 (5% de volta) R$ 799,00 em 1x no cartí£o de crí©dito (10% de desconto)R$ 887,78 no cartí£o Americanascom em atí© 12x de R$ 73,98 s/ jurosformas de parcelamento;799;"Smartphone Motorola Moto G7 Play 32GB Dual Chip Android Pie - 9.0 Tela 5.7"" 1.8 GHz Octa-Core 4G Cí¢mera 13MP - Indigo nas Lojas Americanas.com";887,78;False;0;0;110,97;887,78;12x;73,98;44,39;12x;73,98;Motorola
R$ 1299,00 (10% de desconto)R$ 1169,10no boleto ou em 1x no cartí£o;R$ 1299,00 em atí© 12x de R$ 108,25 s/ juros com Ame e receba R$ 64,95 (5% de volta) R$ 1299,00 no cartí£o de crí©dito em atí© 10x de R$ 129,90 s/ jurosR$ 1169,10 em 1x no cartí£o Americanascom (10% de desconto) ou R$ 1299,00 em atí© 12x de R$ 108,25 s/ jurosformas de parcelamento;0;"Smartphone Motorola One 64GB Dual Chip Android Oreo 8.1 Tela 5.9"" 2.0 GHz Octa-Core Qualcomm 4G Cí¢mera 13 + 2MP (Dual Traseira) - Branco nas Lojas Americanas.com";1299;True;10;0;0;1299;12x;108,25;64,95;12x;129,9;Motorola
R$ 1221,11 (10% de desconto)R$ 1098,99Selo PrimeEsta í© uma oferta primeem 1x no cartí£o;R$ 1221,11 em atí© 12x de R$ 101,75 s/ juros com Ame e receba R$ 61,06 (5% de volta) R$ 1221,11 no boleto bancíçrioR$ 1221,11 no cartí£o de crí©dito em atí© 10x de R$ 122,11 s/ jurosR$ 1221,11 no cartí£o Americanascom em atí© 12x de R$ 101,75 s/ jurosformas de parcelamento;0;"Smartphone Motorola One 64GB Dual Chip Android Oreo 8.1 Tela 5.9"" 2.0 GHz Octa-Core Qualcomm 4G Cí¢mera 13 + 2MP (Dual Traseira) - Preto nas Lojas Americanas.com";1221,11;True;10;0;0;1221,11;12x;101,75;61,06;12x;122,11;Motorola
R$ 799,008x de R$ 99,87 s/ juros;R$ 799,00 em atí© 12x de R$ 66,58 s/ juros com Ame e receba R$ 39,95 (5% de volta) R$ 799,00 no cartí£o Americanascom em atí© 12x de R$ 66,58 s/ jurosformas de parcelamento;0;"Smartphone Samsung Galaxy J7 Neo Dual Chip Android 7.0 Tela 5.5"" 16GB 4G Cí¢mera 13MP - Dourado nas Lojas Americanas.com";799;False;0;08x;99,87;799;12x;66,58;39,95;12x;66,58;Samsung
R$ 799,008x de R$ 99,87 s/ juros;R$ 799,00 em atí© 12x de R$ 66,58 s/ juros com Ame e receba R$ 39,95 (5% de volta) R$ 799,00 no cartí£o Americanascom em atí© 12x de R$ 66,58 s/ jurosformas de parcelamento;0;"Smartphone Samsung Galaxy J7 Neo Dual Chip Android 7.0 Tela 5.5"" 16GB 4G Cí¢mera 13MP com TV - Preto nas Lojas Americanas.com";799;False;0;08x;99,87;799;12x;66,58;39,95;12x;66,58;Samsung
R$ 899,00Selo PrimeEsta í© uma oferta prime9x de R$ 99,88 s/ juros;R$ 899,00 em atí© 12x de R$ 74,91 s/ juros com Ame e receba R$ 44,95 (5% de volta) R$ 899,00 no cartí£o Americanascom em atí© 12x de R$ 74,91 s/ jurosformas de parcelamento;0;"Smartphone Motorola Moto G6 32GB Dual Chip Android Oreo - 8.0 Tela 5.7"" Octa-Core 1.8 GHz 4G Cí¢mera 12 + 5MP (Dual Traseira) - íçndigo nas Lojas Americanas.com";899;False;0;0;99,88;899;12x;74,91;44,95;12x;74,91;Motorola
R$ 1199,00 (10% de desconto)R$ 1079,10Selo PrimeEsta í© uma oferta primeem 1x no cartí£o;R$ 1199,00 em atí© 12x de R$ 99,91 s/ juros com Ame e receba R$ 59,95 (5% de volta) R$ 1199,00 no boleto bancíçrioR$ 1199,00 no cartí£o de crí©dito em atí© 10x de R$ 119,90 s/ jurosR$ 1199,00 no cartí£o Americanascom em atí© 12x de R$ 99,91 s/ jurosformas de parcelamento;0;"Smartphone Motorola Moto G6 Dual Chip Android Oreo - 8.0 Tela 5.7"" Octa-Core 1.8 GHz 64GB 4G Cí¢mera 12 + 5MP (Dual Traseira) - Ouro Rose nas Lojas Americanas.com";1199;True;10;0;0;1199;12x;99,91;59,95;12x;119,9;Motorola
R$ 1099,9910x de R$ 109,99 s/ juros;R$ 1099,99 em atí© 12x de R$ 91,66 s/ juros com Ame e receba R$ 55,00 (5% de volta) R$ 1099,99 no cartí£o Americanascom em atí© 12x de R$ 91,66 s/ jurosformas de parcelamento;0;"Smartphone Motorola Moto G6 64GB Dual Chip Android Oreo - 8.0 Tela 5.7"" Octa-Core 1.8 GHz 4G Cí¢mera 12 + 5MP (Dual Traseira) - Preto nas Lojas Americanas.com";1099,99;False;0;10x;109,99;1099,99;12x;91,66;55;12x;91,66;Motorola
R$ 1443,33 (10% de desconto)R$ 1298,99Selo PrimeEsta í© uma oferta primeem 1x no cartí£o;R$ 1443,33 em atí© 12x de R$ 120,27 s/ juros com Ame e receba R$ 72,17 (5% de volta) R$ 1443,33 no boleto bancíçrioR$ 1443,33 no cartí£o de crí©dito em atí© 10x de R$ 144,33 s/ jurosR$ 1443,33 no cartí£o Americanascom em atí© 12x de R$ 120,27 s/ jurosformas de parcelamento;0;"Smartphone Motorola Moto G6 Plus Dual Chip Android Oreo - 8.0 Tela 5.9"" Octa-Core 2.2 GHz 64GB 4G Cí¢mera 12 + 5MP (Dual Traseira) - íçndigo nas Lojas Americanas.com";1443,33;True;10;0;0;1443,33;12x;120,27;72,17;12x;144,33;Motorola
R$ 1599,00 (10% de desconto)R$ 1439,10no boleto ou em 1x no cartí£o;R$ 1599,00 em atí© 12x de R$ 133,25 s/ juros com Ame e receba R$ 79,95 (5% de volta) R$ 1599,00 no cartí£o de crí©dito em atí© 10x de R$ 159,90 s/ jurosR$ 1439,10 em 1x no cartí£o Americanascom (10% de desconto) ou R$ 1599,00 em atí© 12x de R$ 133,25 s/ jurosformas de parcelamento;0;"Smartphone Motorola Moto G6 Plus 64GB Dual Chip Android Oreo - 8.0 Tela 5.9"" Octa-Core 2.2 GHz 4G Cí¢mera 12 + 5MP (Dual Traseira) - Azul Topíçzio nas Lojas Americanas.com";1599;True;10;0;0;1599;12x;133,25;79,95;12x;159,9;Motorola
R$ 1332,22 (10% de desconto)R$ 1198,99em 1x no cartí£o;R$ 1332,22 em atí© 12x de R$ 111,01 s/ juros com Ame e receba R$ 66,62 (5% de volta) R$ 1332,22 no boleto bancíçrioR$ 1332,22 no cartí£o de crí©dito em atí© 10x de R$ 133,22 s/ jurosR$ 1332,22 no cartí£o Americanascom em atí© 12x de R$ 111,01 s/ jurosformas de parcelamento;0;"Smartphone Motorola Moto G7 64GB Dual Chip Android Pie - 9.0 Tela 6.24"" 1.8 GHz Octa-Core 4G Cí¢mera 12 + 5MP (Dual Traseira) - íînix nas Lojas Americanas.com";1332,22;True;10;0;0;1332,22;12x;111,01;66,62;12x;133,22;Motorola
R$ 1332,22 (10% de desconto)R$ 1198,99Selo PrimeEsta í© uma oferta primeem 1x no cartí£o;R$ 1332,22 em atí© 12x de R$ 111,01 s/ juros com Ame e receba R$ 66,62 (5% de volta) R$ 1332,22 no boleto bancíçrioR$ 1332,22 no cartí£o de crí©dito em atí© 10x de R$ 133,22 s/ jurosR$ 1332,22 no cartí£o Americanascom em atí© 12x de R$ 111,01 s/ jurosformas de parcelamento;0;"Smartphone Motorola Moto G7 64GB Dual Chip Android Pie - 9.0 Tela 6.24"" 1.8 GHz Octa-Core 4G Cí¢mera 12 + 5MP (Dual Traseira)- Branco Polar nas Lojas Americanas.com";1332,22;True;10;0;0;1332,22;12x;111,01;66,62;12x;133,22;Motorola
R$ 779,00Selo PrimeEsta í© uma oferta prime7x de R$ 111,28 s/ juros;R$ 779,00 em atí© 12x de R$ 64,91 s/ juros com Ame e receba R$ 38,95 (5% de volta) R$ 779,00 no cartí£o Americanascom em atí© 12x de R$ 64,91 s/ jurosformas de parcelamento;0;"Smartphone Samsung Galaxy J4 32GB Dual Chip Android 8.0 Tela 5.5"" Quad-Core 1.4GHz 4G Cí¢mera 13MP - Prata nas Lojas Americanas.com";779;False;0;0;111,28;779;12x;64,91;38,95;12x;64,91;Samsung
R$ 1399,9010x de R$ 139,99 s/ juros;R$ 1399,90 em atí© 12x de R$ 116,65 s/ juros com Ame e receba R$ 70,00 (5% de volta) R$ 1399,90 no cartí£o Americanascom em atí© 12x de R$ 116,65 s/ jurosformas de parcelamento;0;"Smartphone Samsung Galaxy J6 64GB Dual Chip Android 8.0 Tela 5.6"" Octa-Core 1.6GHz 4G Cí¢mera 13MP - Preto nas Lojas Americanas.com";1399,9;False;0;10x;139,99;1399,9;12x;116,65;70;12x;116,65;Samsung
R$ 1199,9010x de R$ 119,99 s/ juros;R$ 1199,90 em atí© 12x de R$ 99,99 s/ juros com Ame e receba R$ 60,00 (5% de volta) R$ 1199,90 no cartí£o Americanascom em atí© 12x de R$ 99,99 s/ jurosformas de parcelamento;0;"Smartphone Samsung Galaxy J6 64GB Dual Chip Android 8.0 Tela 5.6"" Octa-Core 1.6GHz 4G Cí¢mera 13MP - Prata nas Lojas Americanas.com";1199,9;False;0;10x;119,99;1199,9;12x;99,99;60;12x;99,99;Samsung
R$ 889,00 (10% de desconto)R$ 800,10no boleto ou em 1x no cartÌ£o;R$ 889,00 em atÌ© 10x de R$ 88,90 s/ juros com Ame e receba R$ 44,45 (5% de volta) R$ 889,00 no cartÌ£o de crÌ©dito em atÌ© 10x de R$ 88,90 s/ jurosR$ 800,10 em 1x no cartÌ£o Americanascom (10% de desconto) ou R$ 889,00 em atÌ© 10x de R$ 88,90 s/ jurosformas de parcelamento;889;"Smartphone Asus Zenfone Max Pro (M1) 32GB Dual Chip Android Oreo Tela 6"" Qualcomm Snapdragon SDM636  4G CÌ¢mera  13 + 5MP (Dual Traseira) - Prata nas Lojas Americanas.com";889;True;10;0;0;889;10x;88,9;44,45;10x;;
R$ 899,99Selo PrimeEsta Ì© uma oferta prime9x de R$ 99,99 s/ juros;R$ 899,99 em atÌ© 12x de R$ 74,99 s/ juros com Ame e receba R$ 45,00 (5% de volta) R$ 899,99 no cartÌ£o Americanascom em atÌ© 12x de R$ 74,99 s/ jurosformas de parcelamento;0;"Smartphone Asus Zenfone Max Pro (M1) 32GB Dual Chip Android Oreo Tela 6"" Qualcomm Snapdragon SDM636  4G CÌ¢mera  13 + 5MP (Dual Traseira) - Preto nas Lojas Americanas.com";899,99;False;0;0;99,99;899,99;12x;74,99;45;12x;;
R$ 749,907x de R$ 107,12 s/ juros;R$ 749,90 em atÌ© 12x de R$ 62,49 s/ juros com Ame e receba R$ 37,50 (5% de volta) R$ 749,90 no cartÌ£o Americanascom em atÌ© 12x de R$ 62,49 s/ jurosformas de parcelamento;0;"Smartphone Zenfone Max M1 32GB Dual Chip Android 7 Tela 5.2"" Qualcomm Snapdragon 425 4G CÌ¢mera 13 + 5MP (Dual Traseira) - Preto nas Lojas Americanas.com";749,9;False;0;07x;107,12;749,9;12x;62,49;37,5;12x;;
R$ 1279,00Selo PrimeEsta Ì© uma oferta prime10x de R$ 127,90 s/ juros;R$ 1279,00 em atÌ© 12x de R$ 106,58 s/ juros com Ame e receba R$ 63,95 (5% de volta) R$ 1253,42 no boleto bancÌÁrio (2% de desconto)R$ 1279,00 no cartÌ£o Americanascom em atÌ© 12x de R$ 106,58 s/ jurosformas de parcelamento;0;"Smartphone Asus Zenfone Max Pro M1 64gb/4gb Dual Chip Android 8.0 Tela Fhd 6.0""+ Qualcomm Snapdragon 1.8ghz 4g CÌ¢mera Dual 16mp+5mp - Prata nas Lojas Americanas.com";1279;False;0;10x;127,9;1279;12x;106,58;63,95;12x;;
R$ 1141,7610x de R$ 114,17 s/ juros;R$ 1141,76 em atÌ© 12x de R$ 95,14 s/ juros com Ame e receba R$ 57,09 (5% de volta) R$ 1141,76 no cartÌ£o Americanascom em atÌ© 12x de R$ 95,14 s/ jurosformas de parcelamento;0;"Smartphone Zenfone Max M1 32GB Dual Chip Android 7 Tela 5.2"" Qualcomm Snapdragon 425 4G CÌ¢mera 13 + 5MP (Dual Traseira) - Dourado nas Lojas Americanas.com";1141,76;False;0;10x;114,17;1141,76;12x;95,14;57,09;12x;;
R$ 799,90 (5% de desconto)R$ 759,90no boleto ou em 1x no cartÌ£o;R$ 799,90 em atÌ© 12x de R$ 66,65 s/ juros com Ame e receba R$ 40,00 (5% de volta) R$ 799,90 no cartÌ£o de crÌ©dito em atÌ© 8x de R$ 99,98 s/ jurosR$ 759,90 em 1x no cartÌ£o Americanascom (5% de desconto) ou R$ 799,90 em atÌ© 12x de R$ 66,65 s/ jurosformas de parcelamento;0;"Smartphone Asus Zenfone Live Dual Chip Android 6.0 Tela 5"" Snapdragon 16GB 4G Wi-Fi CÌ¢mera 13MP - Preto nas Lojas Americanas.com";799,9;True;5;0;0;799,9;12x;66,65;40;12x;;
R$ 899,99Selo PrimeEsta Ì© uma oferta prime9x de R$ 99,99 s/ juros;R$ 899,99 em atÌ© 12x de R$ 74,99 s/ juros com Ame e receba R$ 45,00 (5% de volta) R$ 899,99 no cartÌ£o Americanascom em atÌ© 12x de R$ 74,99 s/ jurosformas de parcelamento;0;"Smartphone Asus Zenfone Max Pro (M1) 32GB Dual Chip Android Oreo Tela 6"" Qualcomm Snapdragon SDM636  4G CÌ¢mera  13 + 5MP (Dual Traseira) - Azul nas Lojas Americanas.com";899,99;False;0;0;99,99;899,99;12x;74,99;45;12x;;
R$ 1776,67Selo PrimeEsta Ì© uma oferta prime10x de R$ 177,66 s/ juros;R$ 1776,67 em atÌ© 12x de R$ 148,05 s/ juros com Ame e receba R$ 88,84 (5% de volta) R$ 1599,00 em 1x no cartÌ£o de crÌ©dito (10% de desconto)R$ 1599,00 no cartÌ£o Americanascom em atÌ© 12x de R$ 133,25 s/ juros (10% de desconto)formas de parcelamento;0;"Smartphone Asus Zenfone 5 64GB Dual Chip Android Oreo Tela 6.2"" Snapdragon 636 Octacore 4G CÌ¢mera 12MP + 8MP (Dual Traseira) 3300mAh - Prata nas Lojas Americanas.com";1776,67;False;0;10x;177,66;1776,67;12x;148,05;88,84;12x;;
R$ 1776,67 (10% de desconto)R$ 1599,00Selo PrimeEsta Ì© uma oferta primeem 1x no cartÌ£o;R$ 1776,67 em atÌ© 12x de R$ 148,05 s/ juros com Ame e receba R$ 88,84 (5% de volta) R$ 1776,67 no boleto bancÌÁrioR$ 1776,67 no cartÌ£o de crÌ©dito em atÌ© 10x de R$ 177,66 s/ jurosR$ 1599,00 no cartÌ£o Americanascom em atÌ© 12x de R$ 133,25 s/ juros (10% de desconto)formas de parcelamento;0;"Smartphone Asus Zenfone 5 64GB Dual Chip Android Oreo Tela 6.2"" Snapdragon 636 Octacore 4G CÌ¢mera 12MP + 8MP (Dual Traseira) 3300mAh - Preto nas Lojas Americanas.com";1776,67;True;10;0;0;1776,67;12x;148,05;88,84;12x;;
R$ 1299,00 (10% de desconto)R$ 1169,10no boleto ou em 1x no cartÌ£o;R$ 1299,00 em atÌ© 12x de R$ 108,25 s/ juros com Ame e receba R$ 64,95 (5% de volta) R$ 1299,00 no cartÌ£o de crÌ©dito em atÌ© 10x de R$ 129,90 s/ jurosR$ 1169,10 em 1x no cartÌ£o Americanascom (10% de desconto) ou R$ 1299,00 em atÌ© 12x de R$ 108,25 s/ jurosformas de parcelamento;0;"Smartphone Motorola One 64GB Dual Chip Android Oreo 8.1 Tela 5.9"" 2.0 GHz Octa-Core Qualcomm 4G CÌ¢mera 13 + 2MP (Dual Traseira) - Branco nas Lojas Americanas.com";1299;True;10;0;0;1299;12x;108,25;64,95;12x;;
R$ 1299,00Selo PrimeEsta Ì© uma oferta prime10x de R$ 129,90 s/ juros;R$ 1299,00 em atÌ© 12x de R$ 108,25 s/ juros com Ame e receba R$ 64,95 (5% de volta) R$ 1169,10 em 1x no cartÌ£o de crÌ©dito (10% de desconto)R$ 1169,10 no cartÌ£o Americanascom em atÌ© 12x de R$ 97,42 s/ juros (10% de desconto)formas de parcelamento;0;"Smartphone Motorola One 64GB Dual Chip Android Oreo 8.1 Tela 5.9"" 2.0 GHz Octa-Core Qualcomm 4G CÌ¢mera 13 + 2MP (Dual Traseira) - Preto nas Lojas Americanas.com";1299;False;0;10x;129,9;1299;12x;108,25;64,95;12x;;
R$ 768,99 (10% de desconto)R$ 692,09Selo PrimeEsta Ì© uma oferta primeem 1x no cartÌ£o;R$ 768,99 em atÌ© 12x de R$ 64,08 s/ juros com Ame e receba R$ 38,45 (5% de volta) R$ 768,99 no boleto bancÌÁrioR$ 768,99 no cartÌ£o de crÌ©dito em atÌ© 7x de R$ 109,85 s/ jurosR$ 692,09 no cartÌ£o Americanascom em atÌ© 12x de R$ 57,67 s/ juros (10% de desconto)formas de parcelamento;0;"Smartphone LG K11+ 32GB Dual Chip Android 7.1.2 Tela 5.3"" Octa Core 1.5 Ghz 4G CÌ¢mera 13MP - Preto nas Lojas Americanas.com";768,99;True;10;0;0;768,99;12x;64,08;38,45;12x;;
R$ 768,99 (10% de desconto)R$ 692,09Selo PrimeEsta Ì© uma oferta primeem 1x no cartÌ£o;R$ 768,99 em atÌ© 12x de R$ 64,08 s/ juros com Ame e receba R$ 38,45 (5% de volta) R$ 768,99 no boleto bancÌÁrioR$ 768,99 no cartÌ£o de crÌ©dito em atÌ© 7x de R$ 109,85 s/ jurosR$ 692,09 no cartÌ£o Americanascom em atÌ© 12x de R$ 57,67 s/ juros (10% de desconto)formas de parcelamento;0;"Smartphone LG K11+ 32GB  Dual Chip Android 7.0 Tela 5.3"" Octa Core 1.5 Ghz 4G CÌ¢mera 13MP - Azul nas Lojas Americanas.com";768,99;True;10;0;0;768,99;12x;64,08;38,45;12x;;
R$ 768,99 (10% de desconto)R$ 692,09Selo PrimeEsta Ì© uma oferta primeem 1x no cartÌ£o;R$ 768,99 em atÌ© 12x de R$ 64,08 s/ juros com Ame e receba R$ 38,45 (5% de volta) R$ 768,99 no boleto bancÌÁrioR$ 768,99 no cartÌ£o de crÌ©dito em atÌ© 7x de R$ 109,85 s/ jurosR$ 692,09 no cartÌ£o Americanascom em atÌ© 12x de R$ 57,67 s/ juros (10% de desconto)formas de parcelamento;0;"Smartphone LG K11+ 32GB Dual Chip Android 7.0 Tela 5.3"" Octa Core 1.5 Ghz 4G CÌ¢mera 13MP - Dourado nas Lojas Americanas.com";768,99;True;10;0;0;768,99;12x;64,08;38,45;12x;;
R$ 1299,00Selo PrimeEsta Ì© uma oferta prime10x de R$ 129,90 s/ juros;R$ 1299,00 em atÌ© 12x de R$ 108,25 s/ juros com Ame e receba R$ 64,95 (5% de volta) R$ 1169,10 no cartÌ£o Americanascom em atÌ© 12x de R$ 97,42 s/ juros (10% de desconto)formas de parcelamento;0;"Smartphone LG QNote+ 64GB Dual Chip Android  8.1.0 (oreo) Tela 6.2"" Full HD+ (18:9) Octa Core 1.5 Ghz 4G CÌ¢mera 16MP - Preto nas Lojas Americanas.com";1299;False;0;10x;129,9;1299;12x;108,25;64,95;12x;;
R$ 1359,89Selo PrimeEsta Ì© uma oferta prime10x de R$ 135,98 s/ juros;R$ 1359,89 em atÌ© 12x de R$ 113,32 s/ juros com Ame e receba R$ 68,00 (5% de volta) R$ 1359,89 no cartÌ£o Americanascom em atÌ© 12x de R$ 113,32 s/ jurosformas de parcelamento;0;"Smartphone LG Q7+ Dual Chip Android 8.1.0 Oreo Tela 5.5"" Octa-Core 1.5 Ghz 64GB 4G CÌ¢mera 16MP com TV - Preto nas Lojas Americanas.com";1359,89;False;0;10x;135,98;1359,89;12x;113,32;68;12x;;
R$ 2779,99Selo PrimeEsta Ì© uma oferta prime10x de R$ 277,99 s/ juros;R$ 2779,99 em atÌ© 12x de R$ 231,66 s/ juros com Ame e receba R$ 139,00 (5% de volta) R$ 2501,99 em 1x no cartÌ£o de crÌ©dito (10% de desconto)R$ 2501,99 no cartÌ£o Americanascom em atÌ© 12x de R$ 208,49 s/ juros (10% de desconto)formas de parcelamento;0;"Smartphone LG G7 Thinq Dual Chip Android 8.0 Tela 6.1"" QHD+ Fullvision Qualcomm Snapdragon 845 64GB 4G CÌ¢mera 16 + 16MP (Dual Traseira) - Preto nas Lojas Americanas.com";2779,99;False;0;10x;277,99;2779,99;12x;231,66;139;12x;;
R$ 1295,0010x de R$ 129,50 s/ juros;R$ 1295,00 em atÌ© 12x de R$ 107,91 s/ juros com Ame e receba R$ 64,75 (5% de volta) R$ 1295,00 no cartÌ£o Americanascom em atÌ© 12x de R$ 107,91 s/ jurosformas de parcelamento;0;"Smartphone LG Q6 Plus Dual Chip Android 7.0 Tela 5.5"" Full Hd+ Snapdragon  MSM8940 64GB 4G CÌ¢mera 13MP - Platinum nas Lojas Americanas.com";1295;False;0;10x;129,5;1295;12x;107,91;64,75;12x;;